-- phpMyAdmin SQL Dump
-- version 5.2.1
-- https://www.phpmyadmin.net/
--
-- Host: 127.0.0.1:3306
-- Generation Time: Nov 25, 2024 at 10:15 AM
-- Server version: 10.4.28-MariaDB
-- PHP Version: 8.2.4

SET SQL_MODE = "NO_AUTO_VALUE_ON_ZERO";
START TRANSACTION;
SET time_zone = "+00:00";


/*!40101 SET @OLD_CHARACTER_SET_CLIENT=@@CHARACTER_SET_CLIENT */;
/*!40101 SET @OLD_CHARACTER_SET_RESULTS=@@CHARACTER_SET_RESULTS */;
/*!40101 SET @OLD_COLLATION_CONNECTION=@@COLLATION_CONNECTION */;
/*!40101 SET NAMES utf8mb4 */;

--
-- Database: `newbooks`
--

-- --------------------------------------------------------

--
-- Table structure for table `bill`
--

CREATE TABLE `bill` (
  `id` int(10) NOT NULL,
  `iduser` int(10) NOT NULL DEFAULT 0,
  `bill_name` varchar(255) NOT NULL,
  `bill_address` varchar(255) NOT NULL,
  `bill_tel` varchar(50) NOT NULL,
  `bill_email` varchar(100) NOT NULL,
  `bill_pttt` tinyint(1) NOT NULL DEFAULT 1 COMMENT '1.Thanh toán trực tiếp \r\n2.Chuyển khoản\r\n3.Thanh toán online\r\n',
  `ngaydathang` varchar(50) NOT NULL,
  `total` int(10) NOT NULL DEFAULT 0,
  `bill_status` tinyint(1) DEFAULT 0 COMMENT '0.Đơn hàng mới \r\n1.Đang xử lý\r\n2.Đang giao hàng\r\n3.Đã giao hàng',
  `receive_name` varchar(255) DEFAULT NULL,
  `receive_address` varchar(255) DEFAULT NULL,
  `receive_tel` varchar(50) DEFAULT NULL
) ENGINE=InnoDB DEFAULT CHARSET=utf8mb4 COLLATE=utf8mb4_general_ci;

--
-- Dumping data for table `bill`
--

INSERT INTO `bill` (`id`, `iduser`, `bill_name`, `bill_address`, `bill_tel`, `bill_email`, `bill_pttt`, `ngaydathang`, `total`, `bill_status`, `receive_name`, `receive_address`, `receive_tel`) VALUES
(1, 0, 'NhatTinh', '30 đồng trí 2 ,phường Hòa Khánh Nam ,quận Liên Chiểu, tp Đà Nẵng', '0946283611', 'nhattinh976@gmail.com', 0, '04:56:15pm 08/12/2023', 245065, 0, NULL, NULL, NULL),
(17, 0, 'Phan Tứ', 'Bình Sơn , Sơn Tịnh, Quảng Ngãi', '0348234848', 'PhanTu76@gmail.com', 0, '05:20:27pm 15/12/2023', 353000, 0, NULL, NULL, NULL),
(20, 1, 'Trương Quang Tâm', 'Thọ Tây, Tịnh Thọ , Son Tịnh, Quảng Ngãi', '0364729072', 'truongquangtam09@gmail.com', 0, '12:09:49pm 19/12/2023', 274000, 0, NULL, NULL, NULL),
(21, 0, 'Nguyễn Quốc Cường ', '20 Sơn Tinh, Hòa Vang, Cẩm Lệ, Quảng Bình ', '0973492777', 'nguyenquoccuong@gmail.com', 0, '11:35:00am 21/12/2023', 584000, 0, NULL, NULL, NULL);

-- --------------------------------------------------------

--
-- Table structure for table `binhluan`
--

CREATE TABLE `binhluan` (
  `id` int(10) NOT NULL,
  `noidung` varchar(255) NOT NULL,
  `iduser` int(10) NOT NULL,
  `idpro` int(10) NOT NULL,
  `ngaybinhluan` varchar(30) NOT NULL
) ENGINE=InnoDB DEFAULT CHARSET=utf8mb4 COLLATE=utf8mb4_general_ci;

--
-- Dumping data for table `binhluan`
--

INSERT INTO `binhluan` (`id`, `noidung`, `iduser`, `idpro`, `ngaybinhluan`) VALUES
(20, 'Tôi thực sự hài lòng với chất lượng cũng như mức giá của các sản phẩm mà Newbooks  cung cấp.', 0, 83, '11:54:32am 19/12/2023'),
(21, 'Tôi rất thích sản phẩm sách này. ', 0, 25, '11:56:11am 19/12/2023'),
(22, 'Nó rất thông tin, dễ hiểu và hữu ích.', 0, 56, '11:56:28am 19/12/2023'),
(23, 'Nó đã cung cấp cho tôi những kiến thức mới và mở rộng tầm nhìn của tôi về chủ đề. ', 0, 90, '11:56:47am 19/12/2023'),
(24, 'Tôi chắc chắn sẽ giới thiệu cho bạn bè và gia đình của tôi.', 0, 77, '11:57:02am 19/12/2023'),
(25, 'Tôi sẽ quay lại và tìm kiếm những quyển sách hay này ', 0, 65, '11:57:29am 19/12/2023'),
(27, 'ss', 5, 87, '10:10:15am 25/11/2024');

-- --------------------------------------------------------

--
-- Table structure for table `cart`
--

CREATE TABLE `cart` (
  `id` int(10) NOT NULL,
  `iduser` int(10) NOT NULL,
  `idpro` int(10) NOT NULL,
  `img` varchar(255) DEFAULT NULL,
  `name` varchar(255) DEFAULT NULL,
  `price` int(10) NOT NULL DEFAULT 0,
  `soluong` int(3) NOT NULL,
  `thanhtien` int(10) NOT NULL,
  `idbill` int(10) NOT NULL
) ENGINE=InnoDB DEFAULT CHARSET=utf8mb4 COLLATE=utf8mb4_general_ci;

--
-- Dumping data for table `cart`
--

INSERT INTO `cart` (`id`, `iduser`, `idpro`, `img`, `name`, `price`, `soluong`, `thanhtien`, `idbill`) VALUES
(1, 1, 4, 'images7.jpg', 'Tự Lập Tuổi 20', 65, 1, 65, 1),
(2, 1, 5, 'images6.jpg', 'Không Bao Giờ Là Thất Bại Tất Cả Là Thử Thách', 125000, 1, 125000, 1),
(3, 1, 2, 'images12.jpg', 'Kí Ức Học Viện', 120000, 1, 120000, 1),
(34, 0, 88, 'mangakhoahoc-2.jpg', 'Bay Tới Tận Cùng Vũ Trụ!', 129000, 1, 129000, 15),
(35, 0, 89, 'moicapnhat-10.webp', 'Tôi Không Thích Ồn Ào', 95000, 1, 95000, 15),
(36, 0, 88, 'mangakhoahoc-2.jpg', 'Bay Tới Tận Cùng Vũ Trụ!', 129000, 1, 129000, 16),
(37, 0, 89, 'moicapnhat-10.webp', 'Tôi Không Thích Ồn Ào', 95000, 1, 95000, 16),
(38, 0, 88, 'mangakhoahoc-2.jpg', 'Bay Tới Tận Cùng Vũ Trụ!', 129000, 1, 129000, 17),
(39, 0, 89, 'moicapnhat-10.webp', 'Tôi Không Thích Ồn Ào', 95000, 1, 95000, 17),
(40, 0, 88, 'mangakhoahoc-2.jpg', 'Bay Tới Tận Cùng Vũ Trụ!', 129000, 1, 129000, 17),
(41, 4, 89, 'moicapnhat-10.webp', 'Tôi Không Thích Ồn Ào', 95000, 1, 95000, 18),
(42, 4, 88, 'mangakhoahoc-2.jpg', 'Bay Tới Tận Cùng Vũ Trụ!', 129000, 1, 129000, 18),
(43, 0, 76, 'moicapnhat-3.jpg', 'Biệt Đội Thám Tử', 70000, 1, 70000, 19),
(44, 0, 86, 'songngu-9.jpg', 'Vật Lý Lượng Tử', 125000, 1, 125000, 19),
(45, 0, 72, 'dattruoc-2.jpg', 'Không Bao Giờ Là Thất Bại Tất Cả Là Thử Thách', 79000, 1, 79000, 19),
(46, 1, 76, 'moicapnhat-3.jpg', 'Biệt Đội Thám Tử', 70000, 1, 70000, 20),
(47, 1, 86, 'songngu-9.jpg', 'Vật Lý Lượng Tử', 125000, 1, 125000, 20),
(48, 1, 72, 'dattruoc-2.jpg', 'Không Bao Giờ Là Thất Bại Tất Cả Là Thử Thách', 79000, 1, 79000, 20),
(49, 0, 90, 'moicapnhat-8.jpg', 'Bếp Không Rác', 123000, 1, 123000, 21),
(50, 0, 72, 'dattruoc-2.jpg', 'Không Bao Giờ Là Thất Bại Tất Cả Là Thử Thách', 79000, 1, 79000, 21),
(51, 0, 64, 'giamgiadacbiet-2.jpg', 'The Vanishing Act', 382000, 1, 382000, 21);

-- --------------------------------------------------------

--
-- Table structure for table `danhmuc`
--

CREATE TABLE `danhmuc` (
  `id` int(11) NOT NULL,
  `name` varchar(255) NOT NULL
) ENGINE=InnoDB DEFAULT CHARSET=utf8mb4 COLLATE=utf8mb4_general_ci;

--
-- Dumping data for table `danhmuc`
--

INSERT INTO `danhmuc` (`id`, `name`) VALUES
(1, 'SÁCH TRANH SONG NGỮ'),
(2, 'SÁCH TRANH ANH NGỮ'),
(13, 'MANGA KHOA HỌC'),
(14, 'SÁCH LÀM CHA MẸ'),
(19, 'SÁCH STEM'),
(22, 'SÁCH DANH NHÂN'),
(23, 'VĂN HỌC THIẾU NHI'),
(24, 'SÁCH KHOA HỌC'),
(25, 'VĂN HỌC VIỆT NAM'),
(26, 'VĂN HỌC NƯỚC NGOÀI'),
(27, 'THỜI SỰ CHÍNH TRỊ'),
(28, 'SÁCH THAM KHẢO'),
(29, 'GIẢM GIÁ ĐẶC BIỆT'),
(30, 'SÁCH TÁI BẢN'),
(33, 'ĐẶT TRƯỚC SÁCH'),
(36, 'SÁCH MỚI CẬP NHẬT');

-- --------------------------------------------------------

--
-- Table structure for table `sanpham`
--

CREATE TABLE `sanpham` (
  `id` int(11) NOT NULL,
  `name` varchar(255) NOT NULL,
  `price` double(10,2) DEFAULT 0.00,
  `img` varchar(255) DEFAULT NULL,
  `mota` text DEFAULT NULL,
  `luotxem` int(11) DEFAULT 0,
  `iddm` int(11) NOT NULL
) ENGINE=InnoDB DEFAULT CHARSET=utf8mb4 COLLATE=utf8mb4_general_ci;

--
-- Dumping data for table `sanpham`
--

INSERT INTO `sanpham` (`id`, `name`, `price`, `img`, `mota`, `luotxem`, `iddm`) VALUES
(12, 'Dạy Con Thông Minh', 65000.00, 'chame-1.jpg', 'Nuôi dạy một đứa trẻ không phải là việc có thể làm lại. Vì vậy, nuôi dạy con trở thành một đứa trẻ có thể làm tốt trong nhiều mặt là mong ước của rất nhiều bậc cha mẹ. Để có thể làm được điều đó, việc lựa chọn, thực hiện các phương pháp có hiệu quả thực sự vô cùng quan trọng. \r\n\r\nĐược đúc rút từ hơn 1000 nghiên cứu của các chuyên gia về nuôi dạy trẻ, cuốn sách “Dạy con thông minh” nêu ra các quan điểm và phương pháp nuôi dạy con hiệu quả nhất đã được thực chứng. Qua “Dạy con thông minh”, cha mẹ sẽ biết được: \r\n\r\nLàm thế nào để tạo động lực cho trẻ? \r\n\r\nPhát triển tài năng của trẻ dựa trên tính cách của cha mẹ như thế nào? \r\n\r\nNhững trò chơi nào giúp trẻ thông minh hơn? ', 0, 14),
(13, 'Làm Cha Mẹ Tích Cực', 129000.00, 'chame-2.png', '“Làm cha mẹ tích cực” là cuốn sách giúp chúng ta xây dựng, vun vén gia đình hạnh phúc. \r\n\r\nNgay từ những trang sách đầu tiên, tác giả Rebecca Eanes đã đưa ra quan điểm: “Bước đầu tiên để làm cha mẹ hiệu quả là bạn cùng với bạn đời tạo thành một đội và cam kết và sẽ đi con đường phía trước.” Nữ tác giả cũng khẳng định mục tiêu quan trọng nhất của cuốn sách chính là tạo dựng một gia đình gắn kết, lành mạnh và thống nhất về tầm nhìn. \r\n\r\nPhần sau của sách lại giúp phụ huynh hiểu rằng: “Chúng ta muốn nuôi dưỡng những đứa trẻ suy nghĩ tích cực, bản thân chúng ta phải học cách trở thành những người suy nghĩ tích cực”.  \r\n\r\n\r\nSách sẽ đồng hành cùng phụ huynh trong việc: \r\n\r\nHoàn thiện bản thân, hoàn thiện mối quan hệ với bạn đời, tạo dựng nền móng vững chắc cho gia đình; \r\n\r\nGiúp bạn định hình gia đình thông qua các thói quen sinh hoạt, các truyền thống và văn hóa gia đình mình; \r\n\r\nGợi ý cách làm cha mẹ tích cực để ứng phó với các hành vi của trẻ; \r\n\r\nCùng thảo luận và thực hành các bài tập vận dụng với những người thân yêu. ', 0, 14),
(14, 'Đừng Ép Con Phải Ngoan', 89000.00, 'chame-3.jpg', 'Có bao nhiêu cha mẹ trong cuộc sống mưu sinh tất bật hàng ngày và trong vòng quay của điểm số, thi cử, chọn trường, chọn lớp của con, tỉnh táo đặt ra câu hỏi trong đầu mình “Rốt cuộc, mình muốn con mình trở thành người như thế nào?”\r\n\r\nVà dường như, trong quan niệm của nhiều cha mẹ, đứa trẻ ngoan là đứa trẻ nghe lời người lớn, chấp thuận những sắp đặt mà cha mẹ cho là đúng, là tốt? Có bao giờ bạn nghĩ rằng “đào tạo một đứa trẻ ngoan” là một sự sai lầm của các thế hệ làm cha làm mẹ hiện nay?\r\n\r\nTrong cuốn sách “Đừng ép con phải ngoan” tác giả Shibata Aiko đã đưa ra luận điểm hoàn toàn trái ngược với tôn chỉ nuôi dạy con của phần lớn cha mẹ Việt Nam, bà cho rằng “Dạy dỗ, trách mắng là phủ nhận đứa trẻ đó ở hiện tại, áp đặt giá trị quan khác lên trẻ” và “Thật phí phạm khi bị quay cuồng trong việc “dạy dỗ” trẻ mầm non – lứa tuổi có lẽ là đáng yêu nhất trong cuộc đời”.\r\n\r\nBằng những kinh nghiệm hơn 40 năm làm việc trong môi trường nuôi dạy trẻ, tác giả Shibata Aiko đã đặt ra đồng thời giải đáp các vấn đề:\r\n\r\n- Không nên kì vọng vào đứa trẻ chưa đầy ba tuổi và bắt con phải hành xử làm đẹp lòng người lớn xung quanh.\r\n\r\n- Cần để trẻ biết coi trọng và gìn giữ cái tôi thuộc về bản chất tự nhiên của trẻ và tránh hết sức làm tổn hại nó.\r\n\r\n- Con trẻ có năng lực học tập, năng lực trưởng thành và sẽ tự mình tích lũy được nhiều điều trong quá trình trưởng thành. Nếu bố mẹ là người lớn thực thụ, con trẻ chắc chắn sẽ trở thành người lớn đúng nghĩa.\r\n\r\nEhomebooks tin tưởng rằng cuốn sách này sẽ giúp phụ huynh bình tâm và nhìn lại chính mình, nhìn nhận lại cách nuôi dạy con xuất phát từ kỳ vọng của chính cha mẹ hay bởi vì tôn trọng cá tính riêng của con.', 0, 14),
(15, 'Cha Mẹ Hạnh Phúc Nuôi Con Hạnh Phúc', 95000.00, 'chame-4.jpg', 'Hạnh phúc thật sự của con người là gì?\r\n\r\n???? Phải làm gì để cho con cái được hạnh phúc?\r\n\r\nCâu trả lời sẽ có trong cuốn sách “Cha mẹ hạnh phúc nuôi con hạnh phúc” của tác giả Takashi Maeno – một nhà nghiên cứu tiên phong trong Khoa học hạnh phúc.\r\n\r\n“Cha mẹ hạnh phúc nuôi con hạnh phúc” là kết quả tổng hợp tất cả những gì ông và vợ, người đồng thời cũng là cộng sự nghiên cứu đắc lực của ông, đã trải nghiệm trong 16 năm nuôi dạy hai con, cũng như kết quả ông thu được từ nghiên cứu “Khoa học hạnh phúc”.\r\n\r\nTrong cuốn sách này bạn sẽ học được những nội dung có tính chất học thuật là các cơ sở lý luận về hạnh phúc và các phương pháp nuôi dạy nên những người con hạnh phúc. Ngoài ra độc giả cũng có thể tìm thấy những bài tập thực hành đơn giản để thực hiện tại nhà cùng người thân, để từ đó lan tỏa hạnh phúc cho bạn đời và con trẻ, bởi vì “trung tâm của hạnh phúc chính là bạn”. Đúng như những gì tác giả đã chia sẻ trong cuốn sách:\r\n\r\n“Hạnh phúc sẽ bắt đầu từ chính bạn chứ không phải là ai khác. Nếu như bạn có gương mặt rạng rỡ và trái tim rộng mở thì con trẻ, bạn đời, gia đình, bạn bè, thậm chí cả xã hội cũng đều có thể trở nên hạnh phúc”\r\n\r\nCuốn sách này sẽ trở thành những lời gợi ý giúp giải quyết nỗi khổ sở, vất vả và những căng thẳng của những người làm cha mẹ, giúp các bậc phụ huynh có thể bước những bước dài trong hành trình trưởng thành cùng con trẻ.', 0, 14),
(16, 'Quý Ông Truyền Hình', 109000.00, 'danhnhan-1.jpg', 'Những phát minh siêu đỉnh là một bộ sách đầy thú vị và hấp dẫn, giới thiệu về các danh nhân đã đưa ra những phát minh đột phá, góp phần vào sự tiến bộ của nhân loại. Từ máy thu hình đến chiếc áo phi hành gia hay chất keo siêu dính để tạo ra tàu vũ trụ, tất cả đều có được nhờ sự sáng tạo và nỗ lực không ngừng của những danh nhân này. Qua việc tìm hiểu về họ, chúng ta sẽ được khám phá những câu chuyện đầy cảm hứng và những bí mật đằng sau các phát minh vĩ đại. \r\n\r\n“Những phát minh siêu đỉnh” là bộ sách tranh song ngữ thú vị và bổ ích cho các bạn nhỏ. Ba câu chuyện này không chỉ giúp cho việc học hỏi khoa học, công nghệ trở nên thú vị hơn, mà còn có thể khơi gợi đam mê và nhu cầu khám phá, sáng tạo trong tất cả các bạn nhỏ.  ', 0, 22),
(17, 'Bộ Áo Phi Hành Gia', 125000.00, 'danhnhan-2.jpg', 'Những phát minh siêu đỉnh là một bộ sách đầy thú vị và hấp dẫn, giới thiệu về các danh nhân đã đưa ra những phát minh đột phá, góp phần vào sự tiến bộ của nhân loại. Từ máy thu hình đến chiếc áo phi hành gia hay chất keo siêu dính để tạo ra tàu vũ trụ, tất cả đều có được nhờ sự sáng tạo và nỗ lực không ngừng của những danh nhân này. Qua việc tìm hiểu về họ, chúng ta sẽ được khám phá những câu chuyện đầy cảm hứng và những bí mật đằng sau các phát minh vĩ đại. \r\n\r\n“Những phát minh siêu đỉnh” là bộ sách tranh song ngữ thú vị và bổ ích cho các bạn nhỏ. Ba câu chuyện này không chỉ giúp cho việc học hỏi khoa học, công nghệ trở nên thú vị hơn, mà còn có thể khơi gợi đam mê và nhu cầu khám phá, sáng tạo trong tất cả các bạn nhỏ.  \r\n\r\nBộ áo Phi hành \r\n\r\n“Bộ áo Phi hành gia” là câu chuyện về Ellie, một người phụ nữ bé nhỏ yêu thích công việc may vá, thêu thùa từ khi còn nhỏ. Bằng sự tận tụy, ham mê học hỏi và nghiên cứu, mà người phụ nữ ấy cùng những cộng sự của mình đã làm ra bộ áo phi hành gia góp phần giúp con người lần đầu tiên có thể đặt chân lên mặt trăng, mở ra kỷ nguyên chinh phục vũ trụ cho loài người. ', 0, 22),
(18, 'Một Sai Lầm Siêu Dính', 116000.00, 'danhnhan-3.png', 'Những phát minh siêu đỉnh là một bộ sách đầy thú vị và hấp dẫn, giới thiệu về các danh nhân đã đưa ra những phát minh đột phá, góp phần vào sự tiến bộ của nhân loại. Từ máy thu hình đến chiếc áo phi hành gia hay chất keo siêu dính để tạo ra tàu vũ trụ, tất cả đều có được nhờ sự sáng tạo và nỗ lực không ngừng của những danh nhân này. Qua việc tìm hiểu về họ, chúng ta sẽ được khám phá những câu chuyện đầy cảm hứng và những bí mật đằng sau các phát minh vĩ đại. \r\n\r\n“Những phát minh siêu đỉnh” là bộ sách tranh song ngữ thú vị và bổ ích cho các bạn nhỏ. Ba câu chuyện này không chỉ giúp cho việc học hỏi khoa học, công nghệ trở nên thú vị hơn, mà còn có thể khơi gợi đam mê và nhu cầu khám phá, sáng tạo trong tất cả các bạn nhỏ.  \r\n\r\nMột Sai Lầm Siêu Dính \r\n\r\n“Một Sai Lầm Siêu Dính” là câu chuyện về quá trình Tiến sĩ Hóa học Harry Coover phát hiện và hoàn thành sản phẩm keo siêu dính. Ông là một nhà phát minh kỳ tài của thế kỷ XX trong ngành công nghiệp hóa học với 460 bằng sáng chế. Ban đầu, hỗn hợp siêu keo chỉ là một sai lầm trong quá trình chế tạo ra một chất liệu nhựa. Sau khi phát hiện ra đặc tính của hỗn hợp này, ông đã kiên trì phát triển và hoàn thiện sản phẩm, và biến nó trở thành phát minh có ích giúp cứu người. Xuyên suốt câu chuyện, thông điệp về sự nhẫn nại, chăm chỉ làm việc được lặp đi lặp lại, cùng với lời nhắn gửi rất nhân văn: nếu lần tới đây phạm phải sai lầm thì chúng ta sẽ làm gì? ', 0, 22),
(20, 'Quý Ông Truyền Hình', 109000.00, 'stem-1.jpg', 'Những phát minh siêu đỉnh là một bộ sách đầy thú vị và hấp dẫn, giới thiệu về các danh nhân đã đưa ra những phát minh đột phá, góp phần vào sự tiến bộ của nhân loại. Từ máy thu hình đến chiếc áo phi hành gia hay chất keo siêu dính để tạo ra tàu vũ trụ, tất cả đều có được nhờ sự sáng tạo và nỗ lực không ngừng của những danh nhân này. Qua việc tìm hiểu về họ, chúng ta sẽ được khám phá những câu chuyện đầy cảm hứng và những bí mật đằng sau các phát minh vĩ đại. \r\n\r\n“Những phát minh siêu đỉnh” là bộ sách tranh song ngữ thú vị và bổ ích cho các bạn nhỏ. Ba câu chuyện này không chỉ giúp cho việc học hỏi khoa học, công nghệ trở nên thú vị hơn, mà còn có thể khơi gợi đam mê và nhu cầu khám phá, sáng tạo trong tất cả các bạn nhỏ.  \r\n\r\nQuý ông Truyền hình \r\n\r\nQuý ông Truyền hình là câu chuyện về người đã phát minh ra máy thu hình, và đặt nền móng cho cả ngành truyền hình hiện đại – John Logie Baird. Ông là một người đam mê sáng chế, luôn có những ý tưởng mới lạ từ đời sống, và cũng luôn cố gắng biến những ý tưởng đó thành sự thật. Có khi thất bại, cũng có khi thành công, nhưng John chưa bao giờ từ bỏ đam mê của mình. Đó cũng là lý do khiến ông trở thành cha đẻ của ngành truyền hình. ', 0, 19),
(21, 'Bộ Áo Phi Hành Gia', 110000.00, 'stem-2.jpg', 'Những phát minh siêu đỉnh là một bộ sách đầy thú vị và hấp dẫn, giới thiệu về các danh nhân đã đưa ra những phát minh đột phá, góp phần vào sự tiến bộ của nhân loại. Từ máy thu hình đến chiếc áo phi hành gia hay chất keo siêu dính để tạo ra tàu vũ trụ, tất cả đều có được nhờ sự sáng tạo và nỗ lực không ngừng của những danh nhân này. Qua việc tìm hiểu về họ, chúng ta sẽ được khám phá những câu chuyện đầy cảm hứng và những bí mật đằng sau các phát minh vĩ đại. \r\n\r\n“Những phát minh siêu đỉnh” là bộ sách tranh song ngữ thú vị và bổ ích cho các bạn nhỏ. Ba câu chuyện này không chỉ giúp cho việc học hỏi khoa học, công nghệ trở nên thú vị hơn, mà còn có thể khơi gợi đam mê và nhu cầu khám phá, sáng tạo trong tất cả các bạn nhỏ.  \r\n\r\nBộ áo Phi hành \r\n\r\n“Bộ áo Phi hành gia” là câu chuyện về Ellie, một người phụ nữ bé nhỏ yêu thích công việc may vá, thêu thùa từ khi còn nhỏ. Bằng sự tận tụy, ham mê học hỏi và nghiên cứu, mà người phụ nữ ấy cùng những cộng sự của mình đã làm ra bộ áo phi hành gia góp phần giúp con người lần đầu tiên có thể đặt chân lên mặt trăng, mở ra kỷ nguyên chinh phục vũ trụ cho loài người. ', 0, 19),
(22, 'Tiệm Sách Cơn Mưa 3', 69000.00, 'thieunhi-1.jpg', '“Trời mưa, trời mưa\r\n\r\nRơi rơi rơi rơi\r\n\r\nHãy đưa ta tới\r\n\r\nTiệm sách Cơn Mưa!”\r\n\r\n \r\n\r\nTiệm sách cơn mưa - Cơn lốc xoáy nằm trong series Tiệm sách cơn mưa của tác giả Reiko Hinata và được minh họa bởi họa sĩ Hisanori Yoshida. Trong 2 phần đầu của “Tiệm sách cơn mưa” Ruko cùng em gái Sara đã trải qua những chuyến phiêu lưu để khám phá ý nghĩa của những trang sách và tìm thấy giá trị của ước mơ cùng trí tưởng tượng. Trong tập 3 “Cơn lốc xoáy” độc giả lại có cơ hội cùng các nhân vật trong sách khám phá ra giá trị đích thực của tình bạn bằng một chuyến phiêu lưu không kém phần hấp dẫn.\r\n\r\nChuyến phiêu lưu thứ ba bắt đầu khi Ruko và em gái đến tiệm sách chơi như thường lệ và phát hiện ra ông chủ tiệm sách Cơn Mưa - Fuhuron đang mắc một căn bệnh cảm quái lạ. Căn bệnh này là một lời nguyền, đe dọa đến an nguy của cả thế giới. Trong khi cô trợ lý Maimaiko và anh vũ đồng Den lên đường tìm thuốc giải, Ruko và em gái lại bị một vị khách bắt cóc. Hành trình thoát khỏi hiểm nguy, cứu lấy ông Fuhuron và thế giới gian nan hơn những gì Ruko tưởng rất nhiều. \r\n\r\nChuyến phiêu lưu nào rồi cũng sẽ có người tốt giúp đỡ, nhưng liệu những người bạn mới sắp xuất hiện đây có thật lòng muốn giúp Ruko? Món quà thực sự của tình bạn là gì? Ruko của chúng ta đã đủ dũng cảm và tự tin để đón nhận nó hay chưa?\r\n\r\nMời các bạn đọc nhỏ tuổi cùng bước vào một chuyến phiêu lưu nhiều bất ngờ và giàu ý nghĩa nữa với Ruko nhé.', 0, 23),
(23, 'Cuộc Phiêu lưu của Ermine – Sự cố ở New York', 79000.00, 'thieunhi-2.png', 'Với điểm dừng chân đầu tiên là New York, Ermine đồng hành cùng nhóc Mike – cậu bé con nhà tỉ phú đang trong kỳ nghỉ Giáng sinh. Tại đây, Ermine cùng Mike đã cùng nhau thăm thú đó đây, và vô tình vướng phải một rắc rối từ trên trời rơi xuống: chiếc vali của Ermine vô tình bị tráo đổi, và cô bé nhận được chiếc vali đựng viên kim cương bị đánh cắp trong một vụ cướp trước đây. Cùng vì vậy mà cô chồn bị hai tên cướp truy đuổi.   \r\n\r\nErmine và Mike sẽ làm gì để thoát khỏi nguy hiểm và bảo vệ viên kim cương đắt giá? Các bạn nhỏ hãy dõi theo Ermine trong chuyến hành trình này nhé! ', 100, 23),
(25, 'Chú Thỏ Nhung', 99000.00, 'thieunhi-3.png', 'Chú Thỏ Nhung là một món quà Giáng sinh sang trọng và đẹp lỗng lẫy. Thỏ Nhung được chú bé yêu quý và quấn quýt chơi cùng trong suốt 2 giờ đồng hồ khi mới gặp mặt. Thế nhưng sự xuất hiện của những món quà khác hấp dẫn hơn đã khiến cậu bỏ rơi Thỏ Nhung. Từ đó, Thỏ Nhung bị lãng quên và sống đầy tự ti giữa những món đồ hiện đại và mới mẻ khác trong phòng đồ chơi.\r\n\r\nChú Thỏ Nhung khao khát mong được trở thành THẬT, giống như bác Ngựa Da lớn tuổi thông thái ở phòng đồ chơi. Nhưng “trở thành THẬT” không phải là điều sẵn có ngay khi ta sinh ra, nó là điều kỳ diệu sẽ xảy đến vào lúc ta không biết trước. Vào một ngày kia, Thỏ Nhung bất ngờ được cậu bé ôm ấp và trở thành một người bạn không thể thay thế của cậu. Và rồi những tháng ngày hạnh phúc của Thỏ Nhung và cậu bé cứ thế trôi qua đầy tuyệt diệu. Cuối cùng liệu Thỏ Nhung có trở thành THẬT hay không? Tình bạn của cả hai sẽ có kết cục như thế nào? Các bạn nhỏ hãy khám phá trong câu chuyện “Chú Thỏ Nhung” nhé.\r\n\r\nĐược xuất bản lần đầu tiên vào năm 1922, tác phẩm kinh điển này của Margery Williams với phần minh họa mới tuyệt đẹp và nội dung trọn vẹn so với nguyên tác, vẫn luôn chiếm trọn trái tim của những ai tin vào sức mạnh của tình yêu.', 0, 23),
(26, 'Làm Người Lớn, Một Điều Huyền Bí', 55200.00, 'thieunhi-4.jpg', 'MỘT CUỐN SÁCH GÂY ĐỒNG CẢM SÂU SẮC VÀ BUỒN CƯỜI KHÔNG CHỊU ĐƯỢC.\r\n\r\n(đã thế lại còn bán được nhiều! – no.1 Best-sellers trên Amazon.com)\r\n\r\nBạn có thích phải xã giao đủ thứ để tăng cường các mối quan hệ nhằm giúp ích cho sự nghiệp không? Làm người lớn có phải là một thử thách đầy hứng khởi mà bạn đã sẵn sàng đương đầu không? Ôi, xin hãy dẹp hết đi. Những mẩu truyện tranh được vẽ một cách giản dị nhưng ‘chuẩn không cần chỉnh’ này đã được độc giả ở khắp nơi vô cùng yêu thích. Chúng ghi chép lại những ngày nghỉ cuối tuần đẹp đẽ bị lãng phí trên internet, sự đau đớn không chịu đựng nổi khi nắm tay một anh chàng lộng lẫy không tì vết trên phố, hay việc cả ngày mơ mộng được về nhà và chui vào bộ đồ ngủ. Nói cách khác, cuốn sách này chứa đựng tất cả nỗi sợ hãi và muôn vàn tình huống rất ‘lầy’ trong cuộc sống của người trẻ hiện đại.\r\n\r\nVà không, đây không phải là tự truyện đâu nhé. Không hề.', 0, 23),
(27, 'Khó Khăn Như Chăn Mèo', 65000.00, 'thieunhi-5.jpg', 'Cuộc sống của một họa sĩ biếm họa nổi tiếng thế giới không dễ dàng tẹo nào. Những deadline dày đặc, hàng đống giấy gói đồ ăn nhanh lăn lóc dưới màn hình máy tính sáng xanh, và đàn thú nuôi gia tăng đến chóng mặt… ừmm, à không, thực ra vẫn từng ấy con mà thôi.\r\n\r\n \r\n\r\n“Mặn” hơn muối và đầy duyên dáng, tuyển tập thứ ba của Sarah Andersen, gồm truyện tranh và các chia sẻ riêng của cô cùng kèm tranh minh họa, là một cuốn cẩm nang chứa bí kíp sinh tồn trong cuộc sống hiện đại đảo điên: từ tầm quan trọng của việc tránh mặt những người thuộc tuýp dậy sớm, 101 cách đối phó với thị phi trên mạng xã hội, tới sự bất lực khi thay đổi thói quen dọn dẹp. Nhưng khi tất cả mọi sự đều thất bại và thế giới quanh bạn đang sụp đổ, hãy pha một cốc sô-cô-la nóng, đếm ngược tới ngày Halloween, và cuộn tròn bên tụi thú cưng lông xù để thấy đời tươi sáng hơn.\r\n\r\n \r\n\r\nSarah Andersen là một họa sĩ trẻ sống tại Brooklyn, Mỹ. Hiện cô đang quyết tâm giảm số lần nhấn nút “hoãn báo thức” vào buổi sáng mà chưa ăn thua.', 0, 23),
(28, 'Những Người Bạn Ngộ Ngĩnh - Sư Tử Hóa To Hóa Nhỏ', 22000.00, 'thieunhi-6.jpg', 'Bộ truyện tranh đồng thoại gồm 6 cuốn là sáu câu chuyện về các loài vật nhỏ đáng yêu trong rừng được minh họa sinh động với nét vẽ tay, mang lại cho các bạn nhỏ những câu chuyện cảm động và bổ ích về tình bạn, lòng trung thực, tinh thần chăm chỉ yêu lao động.', 0, 23),
(29, 'Sổ Tay Sống Cho Trẻ Em', 79000.00, 'khoahoc-1.png', 'Cuốn sách giải đáp những thắc mắc của các bạn nhỏ về hành tinh của chúng ta như: Hiện tượng nóng lên toàn cầu là gì? Hiện tượng băng tan là gì? Hay thậm chí ô nhiễm môi trường là gì? Đó là những câu hỏi quen thuộc của những bạn nhỏ yêu thích tìm hiểu về thế giới tự nhiên, thật may mắn, câu trả lời nằm hết trong đây - cuốn sổ tay sống xanh này! \r\n\r\nCuốn sách đưa ra những gợi ý tuyệt vời để hành động trở thành người trẻ sống xanh: Khi ở̉ nhà, trên đường, tại trung tâm thương mại, ở trong rừng, ngoài bãi biển, ở các bữa tiệc sinh nhật, dù ở bất cứ nơi đâu, các bạn nhỏ đều có thể trở thành siêu anh hùng sống xanh! \r\n\r\nĐộc giả nhí sẽ tìm hiểu về những hành động hằng ngày nhằm làm giảm dấu chân sinh thái và hướng tới mục tiêu không rác thải; các hoạt động dựa trên sự quan sát để hiểu rõ hơn về thiên nhiên, cụ thể như: làm quả bom hạt giống, làm nơi trú ẩn cho côn trùng, tự làm túi vải thô, chế tạo chất tẩy rửa dùng cho nhiều bề mặt... \r\n\r\nĐây chính là một cuốn sổ tay thú vị và không thể thiếu trong tủ sách mùa hè vì mục tiêu bảo vệ hành tinh xanh của chúng ta! ', 0, 24),
(30, 'Vũ Trụ - Những Thế Giới Khả Hữu', 288000.00, 'khoahoc-2.jpg', 'Cuốn sách là những câu chuyện về những người đi tìm kiếm dám mạo hiểm dấn thân vào đại dương không đáy của vũ trụ để giúp chúng ta tìm thấy đường đi trong tối tăm rộng lớn, và về những thế giới mà họ đã khám phá ra – những thế giới đã mất, những thế giới vẫn đang sinh sôi và những thế giới sẽ ra đời. Nhờ có khoa học vũ trụ, những thế giới đó có thể được tưởng tượng ra, được hồi sinh và thậm chí được ghé thăm: nơi có mưa kim cương và thành phố cổ dưới đáy biển, nơi có thể là khởi nguồn cho sự sống trên Trái Đất…\r\n\r\nQua những câu chuyện này, bạn sẽ cảm nhận được rõ hơn tính lãng mạn khoa học và sự kỳ diệu của việc được sống ở ngay thời điểm hiện tại, tại các tọa độ cụ thể này trong không-thời gian, ít đơn độc hơn, giống như đang ở nhà hơn, trong vũ trụ này.\r\n\r\n\"Ann Druyan thôi thúc chúng ta tìm thấy trong mình dũng khí trí tuệ để thực sự biết mình là ai, mình đến từ đâu và tương lai khả dĩ nào đang mở ra trước mắt.” – Women you should know\r\n\r\n\"Giờ đây, 40 năm sau, Ann Druyan mạnh dạn cầm đuốc tiến lên với phần tiếp theo được chờ đợi từ lâu của cuốn sách Vũ trụ.\" Laughing Place\r\n\r\n\"Ann Druyan đang hình dung lại tương lai.\" Scientific American\r\n\r\n \r\n\r\nANN DRUYAN là một cây viết và nhà sản xuất nổi tiếng, đồng tác giả của nhiều cuốn sách bán chạy nhất với người chồng quá cố của bà, Carl Sagan.  Bà cũng từng là giám đốc sáng tạo nổi tiếng của Voyager Golden Record, được gửi vào vũ trụ 40 năm trước. Druyan tiếp tục công việc của mình với tư cách là người phiên dịch những khám phá khoa học quan trọng nhất, hợp tác với NASA và Planetary Society. Gần đây nhất, bà nhận được cả giải Emmy và giải Peabody cho công việc lên ý tưởng và viết phần đầu tiên của Vũ trụ cho kênh National Geographic.', 0, 24),
(31, 'Chuyện Kể Và Số Liệu - Sự Kết Hợp Bất Bại', 175200.00, 'khoahoc-3.jpg', 'CUỐN SÁCH GIẢI THÍCH VÌ SAO NHỮNG STARTUP KỲ LÂN, NHỮNG DOANH NGHIỆP CHƯA TỪNG TẠO RA LỢI NHUẬN NHƯNG ĐÃ ĐƯỢC ĐỊNH GIÁ ĐẾN HÀNG TỈ ĐÔ LA VÀ THU HÚT NHỮNG KHOẢN ĐẦU TƯ KHỔNG LỒ!\r\n\r\nThông qua hàng loạt các nghiên cứu tình huống về các doanh nghiệp hàng đầu thế giới, Chuyện kể và số liệu mô tả cách thức đưa số liệu vào câu chuyện sao cho hiệu quả và có tính thuyết phục. Damodaran đã nghiên cứu và trình bày kỹ lưỡng lý do Twitter và Facebook cùng được định giá hàng tỉ đô la tại thời điểm phát hành cổ phiếu lần đầu ra công chúng, và tại sao sau đó Twitter lại phát triển ỳ ạch trong khi Facebook tăng trưởng nhanh chóng. Ông cũng xem xét đánh giá tỉ mỉ các doanh nghiệp lâu đời hơn như Apple và Amazon để chứng minh nhận định rằng lịch sử của công ty có thể vừa làm giàu thêm cho và vừa mang đến những hạn chế cho các câu chuyện của họ như thế nào.\r\n\r\nBên cạnh đó, Chuyện kể và số liệu còn cho ta thấy những lợi ích, thách thức và mối nguy của việc xây dựng các chuyện kể dựa trên số liệu, đồng thời chỉ ra cách tốt nhất mà người đọc có thể kiểm tra tính hợp lý của một câu chuyện doanh nghiệp.', 90, 24),
(32, 'Smarketing - Giải Pháp Cạnh Tranh Trong Thế Giới Số', 148800.00, 'khoahoc-4.jpg', 'Từ trước tới nay, bán hàng và marketing luôn là hai đế chế riêng biệt, với bộ máy lãnh đạo riêng, ngân sách riêng và cấu trúc tổ chức riêng.\r\nGiờ đây, trước những thay đổi không ngừng của thế giới kinh doanh, với sự bùng nổ của internet và hiểu biết của khách hàng ngày một cao, tương lai của các doanh nghiệp phụ thuộc vào việc phát triển hai đế chế này theo kịp với sự thay đổi của thế giới.\r\nVì vậy, hai bộ phận này đã được hợp nhất thành đơn vị duy nhất, gọi là Smarketing. Mục tiêu chính của Smarketing là nâng cao chất lượng trải nghiệm khách hàng thông qua sắp xếp hợp lý chu trình tương tác với khách hàng; đưa ra những số liệu thống nhất giữa hai bộ phận; cung cấp cho ban lãnh đạo cái nhìn toàn cảnh về các chỉ số đo lường kết quả\r\nbán hàng...\r\nCuốn sách này sẽ cung cấp phương pháp, quy trình và các công cụ cần thiết để các công ty chuyển đổi sang mô hình vận hành dựa trên Smarketing, mà sự phát triển của nó sẽ quyết định tương lai của doanh nghiệp.\r\n\r\n \r\n\r\n“Từ lâu người ta đã nhận ra hai bộ phận bán hàng và marketing cần được hợp nhất, nhưng ý tưởng này vẫn luôn là một thách thức. Thật tuyệt vời khi Smarketing đã chỉ ra cho các doanh nghiệp một cách thức để có được sự hợp tác và kết quả tốt đẹp.”', 0, 24),
(33, 'Lợi Nhuận Tốt', 112000.00, 'khoahoc-5.jpg', 'Từ thực tế xuyên suốt hoạt động kinh doanh của tập đoàn Koch trên toàn thế giới trong gần một thế kỷ, tác giả cuốn sách và cũng là Chủ tịch kiêm CEO của tập đoàn Koch – Charles G. Koch – đã tiết lộ “bí mật” khiến công ty của ông tăng trưởng gấp 27 lần trong năm thập kỷ và trung bình cứ sáu năm một lần tăng gấp đôi giá trị doanh nghiệp.\r\n\r\n \r\n\r\nCuốn sách như một thước phim quay chậm về lịch sử hoạt động của Koch, trong đó từng sự kiện và hoạt động trở thành quá trình thử và sai, để tìm ra nguyên tắc hoạt động, xây bộ khung hành động và các bài học xương máu. Đó cũng là các nghiên cứu tình huống để độc giả học về nghệ thuật điều hành doanh nghiệp; không chỉ qua những thành công mà còn cả những thất bại đau thương, những tổn thất lớn cả về tiền bạc và con người của tập đoàn hàng đầu thế giới này.\r\n\r\n \r\n\r\nVà dường như, không có gì là bí mật ở đây, ngoài triết lý kinh doanh hướng tới lợi nhuận tốt, như là kết quả của những sản phẩm và dịch vụ mà khách hàng tự nguyện bỏ tiền ủng hộ, những sản phẩm nâng cao đời sống con người, trong một nền văn hóa nơi nhân viên được trao quyền để hành động nhằm khám phá ra những sở thích và thị hiếu của khách hàng, cùng những phương thức tốt nhất để thỏa mãn họ.\r\n\r\n \r\n\r\nMột cuốn sách PHẢI ĐỌC với bất cứ ai mong muốn một xã hội thịnh vượng, công bằng và khơi nguồn sáng tạo.\r\n\r\n \r\n\r\n“Charles Koch nói đúng, có sự khác biệt giữa lợi nhuận tốt và lợi nhuận xấu. Và cuốn sách này giúp chỉ ra cho bạn con đường đạt được lợi nhuận tốt, dù bạn làm việc cho một chuỗi siêu thị quốc tế, một doanh nghiệp cỡ trung tầm khu vực hay cho doanh nghiệp khởi nghiệp của chính mình.”\r\n\r\n– John Mackey, CEO của Whole Foods Market, đồng tác giả Chủ nghĩa Tư bản có ý thức', 0, 24),
(38, 'Bộ Áo Phi Hành Gia', 109000.00, 'songngu-5.jpg', 'Những phát minh siêu đỉnh là một bộ sách đầy thú vị và hấp dẫn, giới thiệu về các danh nhân đã đưa ra những phát minh đột phá, góp phần vào sự tiến bộ của nhân loại. Từ máy thu hình đến chiếc áo phi hành gia hay chất keo siêu dính để tạo ra tàu vũ trụ, tất cả đều có được nhờ sự sáng tạo và nỗ lực không ngừng của những danh nhân này. Qua việc tìm hiểu về họ, chúng ta sẽ được khám phá những câu chuyện đầy cảm hứng và những bí mật đằng sau các phát minh vĩ đại. \r\n\r\n“Những phát minh siêu đỉnh” là bộ sách tranh song ngữ thú vị và bổ ích cho các bạn nhỏ. Ba câu chuyện này không chỉ giúp cho việc học hỏi khoa học, công nghệ trở nên thú vị hơn, mà còn có thể khơi gợi đam mê và nhu cầu khám phá, sáng tạo trong tất cả các bạn nhỏ.  \r\n\r\nBộ áo Phi hành \r\n\r\n“Bộ áo Phi hành gia” là câu chuyện về Ellie, một người phụ nữ bé nhỏ yêu thích công việc may vá, thêu thùa từ khi còn nhỏ. Bằng sự tận tụy, ham mê học hỏi và nghiên cứu, mà người phụ nữ ấy cùng những cộng sự của mình đã làm ra bộ áo phi hành gia góp phần giúp con người lần đầu tiên có thể đặt chân lên mặt trăng, mở ra kỷ nguyên chinh phục vũ trụ cho loài người. ', 0, 1),
(39, 'Một Sai Lầm Siêu Dính', 102000.00, 'songngu-7.png', 'Những phát minh siêu đỉnh là một bộ sách đầy thú vị và hấp dẫn, giới thiệu về các danh nhân đã đưa ra những phát minh đột phá, góp phần vào sự tiến bộ của nhân loại. Từ máy thu hình đến chiếc áo phi hành gia hay chất keo siêu dính để tạo ra tàu vũ trụ, tất cả đều có được nhờ sự sáng tạo và nỗ lực không ngừng của những danh nhân này. Qua việc tìm hiểu về họ, chúng ta sẽ được khám phá những câu chuyện đầy cảm hứng và những bí mật đằng sau các phát minh vĩ đại. \r\n\r\n“Những phát minh siêu đỉnh” là bộ sách tranh song ngữ thú vị và bổ ích cho các bạn nhỏ. Ba câu chuyện này không chỉ giúp cho việc học hỏi khoa học, công nghệ trở nên thú vị hơn, mà còn có thể khơi gợi đam mê và nhu cầu khám phá, sáng tạo trong tất cả các bạn nhỏ.  \r\n\r\nMột Sai Lầm Siêu Dính \r\n\r\n“Một Sai Lầm Siêu Dính” là câu chuyện về quá trình Tiến sĩ Hóa học Harry Coover phát hiện và hoàn thành sản phẩm keo siêu dính. Ông là một nhà phát minh kỳ tài của thế kỷ XX trong ngành công nghiệp hóa học với 460 bằng sáng chế. Ban đầu, hỗn hợp siêu keo chỉ là một sai lầm trong quá trình chế tạo ra một chất liệu nhựa. Sau khi phát hiện ra đặc tính của hỗn hợp này, ông đã kiên trì phát triển và hoàn thiện sản phẩm, và biến nó trở thành phát minh có ích giúp cứu người. Xuyên suốt câu chuyện, thông điệp về sự nhẫn nại, chăm chỉ làm việc được lặp đi lặp lại, cùng với lời nhắn gửi rất nhân văn: nếu lần tới đây phạm phải sai lầm thì chúng ta sẽ làm gì? ', 0, 1),
(41, 'Cuộc Phiêu Lưu Của Ermine – Truy Tìm Báu Vật Ở Luân Đôn', 79000.00, 'anhngu-2.png', 'Cuộc Phiêu lưu của Ermine – Truy tìm báu vật ở Luân Đôn \r\n\r\nĐiểm dừng chân lần này của Ermine là Luân Đôn – nơi có nhiều di sản nổi tiếng thời Tudor. Tại đây, cô bé đồng hành cùng Minty – một cô bé được nhận nuôi bởi hai vợ chồng Huân tước Lambchop “hết thời”. Hai vợ chồng Huân tước tuy là quý tộc, nhưng không hề giàu có và đang gặp khó khăn về tài chính. Bởi vậy, cô bé Ermine cùng Minty đã cùng nhau truy tìm báu vật của dòng họ Lambchop bị thất lạc từ thời Tudor để giúp đỡ bố mẹ Minty. Nhưng hai cô bé cũng không ngờ được rằng, có một kẻ khác cũng đang tìm báu vật này.     \r\n\r\nLiệu Ermine và Minty có gặp may trước khi kẻ xấu ranh ma ấy? Cùng Ermine “hạ cánh” tại Luân Đôn để truy tìm kho báu thôi nào!', 0, 2),
(42, 'Din', 139000.00, 'anhngu-1.jpg', 'Din không biết ước mơ của mình là gì, thế nên cậu quyết định lên đường đi tìm kiếm. Trên đường đi cậu đã băng qua Khu rừng Sợ hãi, Vùng biển Cô đơn, Hòn đảo Tuyệt vọng, và gặp được Fayth. Cậu cứ ngỡ đó chính là ước mơ mà mình tìm, thế nhưng hóa ra không phải. Fayth đã giúp Din biết được rằng ước mơ không ở một nơi xa xôi nào cả. Khi thay đổi góc nhìn, Din nhận ra những nơi mà mình đã đi qua là Hòn Đảo Diệu Kì, Vùng biển Tình bạn, và Khu rừng Can đảm. Cuối cùng, Din cũng biết ước mơ của mình là gì.', 0, 2),
(43, 'Bệnh Vảy Nến Nơi Vĩnh Hằng', 76000.00, 'vhvn-1.jpg', 'Bệnh vẩy nến nơi vĩnh hằng, xuất bản tại Pháp năm 2011 bởi Nhà xuất bản Rafael de Surtis, gồm 785 bài thơ độc lập, nhưng tập hợp của chúng lại tạo dựng nên một bức tranh toàn cảnh của một cuộc đời, mà ở đấy có các nhân vật chính, có dàn nhân vật phụ, có phong cảnh lớn, có bối cảnh nhỏ một căn phòng. Có thể đọc chúng như một cuốn truyện dài cảm động, thông qua những con số vô cảm.\r\n\r\n \r\n\r\n785 bài thơ cực ngắn, không bao giờ có dù chỉ một dấu chấm một dấu phẩy, không bao giờ có tựa đề, chỉ lần lượt lĩnh số, đến ngán ngẩm, như căn bệnh vẩy nến bóc đi rồi vẫn mọc lại, như chính cuộc đời trần thế.', 0, 25),
(44, 'Bố Ngồi Cùng Con, Nhé !', 96000.00, 'vhvn-2.jpg', 'Một ghi chép đầy tình yêu thương về hành trình làm bố của nhà báo sắc sảo Phạm Gia Hiền.\r\n\r\nBố muốn con biết bố đã vui thế nào khi ở bên con. Bố muốn thấy lại thế giới qua đôi mắt trẻ thơ của con. Bố muốn dạy con về tình yêu, về lòng tử tế và những điều kỳ diệu. Bố muốn ở bên con và ôm con mỗi khi con vụng dại, sai lầm. Bố muốn trò chuyện với con như một người bạn về những vui buồn của cuộc sống.\r\n\r\nGần gũi, dịu dàng, hóm hỉnh, mà cũng rất đỗi sâu sắc, từng con chữ nhỏ kể lên câu chuyện ấm áp và thành thật về tình cha con.\r\n\r\n“Bố thấy mình ở trong con, ở chính từng bước con đi, từng câu con nói. Bố yêu con cả khi con vô tâm, cả khi con khóc, khi con nép sau chân bố. Yêu con khi từng sợi tóc trên đầu con thơm tho, lẫn khi con cười nhễ nhại mồ hôi từ lớp học võ về. Bố không nhớ có lúc nào mà bố không yêu con.”', 0, 25),
(45, 'Về Nhà', 87000.00, 'vhvn-3.jpg', '“Chiều gió mát, tôi không vào Tam Bảo mà ngồi ngoài thềm nghe đại chúng tụng kinh. Từ chỗ ngồi, tôi thấy anh thợ sơn đứng phun nhũ vàng lên các tượng Tỳ Lô Giá Na, phía sau là cây đại trổ đầy hoa đỏ và vượt qua bên ngoài tường chùa là những cành khẳng khiu của cây gạo đã rụng hết lá đang in bóng trên nền trời tráng ánh hoàng hôn. Có con chim sẻ nhỏ đậu trên đường dây điện căng ngang từ nhà tổ sang khu nhà tăng cứ líu lo một mình rất lâu rồi sà xuống sân xi măng tiếp tục líu lo, chân nhảy nhảy vui vẻ.\r\n\r\nTiếng kinh cứ vang vang. Không gian đầy tràn một thứ tôi không thể tả.”\r\n\r\n \r\n\r\nBắt đầu từ những bước chân bỡ ngỡ, háo hức nhưng cũng đơn côi, cô độc trong Một mình ở Châu Âu, tác giả, người phụ nữ kể chuyện, trong Xuyên Mỹ đã bươn chải qua nhiều chặng đường đầy nhọc nhằn, tâm trạng dọc ngang nước Mỹ. Với tập sách này, cô tiếp tục hành trình đa chiều, phức tạp, cả trong nội tâm lẫn giữa những dặm dài địa lý, sau những tổn thương và sợ hãi. Về nhà, với cách tường thuật cụ thể và trung thực tra vấn đến tận cùng, chính là tự truyện về một cá tính, một con người không mệt mỏi truy tìm nguyên nhân của hạnh phúc và bất hạnh, hòng nhìn thấy cái \"chân bản lai diện mục\" của chính mình, để lại bình an cất bước, sau bao nhiêu đau khổ, đổ vỡ, trên con đường \"về nhà\".', 0, 25),
(46, 'Cái Nồi Gì Thế ?', 70000.00, 'vhvn-4.jpg', '“Gã đồng nghiệp đưa hẳn cho Zozo năm trăm mười lăm ngàn, không quên nói vọng theo sau lưng anh: ‘Tôi nể ông thật đấy. Vẫn nhớ ngày kỷ niệm yêu nhau sau bảy năm trời, thế mà lại quên mặc quần khi ra đường!’\r\n\r\n \r\n\r\nBởi vì tình yêu là thứ không được phép quên, Zozo lẩm bẩm một mình...”\r\n\r\n \r\n\r\nMột gã nhân viên văn phòng quên mặc quần khi đi làm, một cô gái trúng thưởng chiếc nồi xịn xò của công ty vào đúng ngày Valentine, một nàng về làm dâu phố cổ nhà có cái toilet chưa đến ba mét vuông để vừa tắm vừa ị, cùng vô số những con người hài hước, đầy rẫy những chuyện ngớ ngẩn, hóa ra lại diễn ra đâu đó, ngay cạnh bạn, hoặc cũng có khi chính là bạn. Cuộc sống, như nhà triết học nào (hay một gã khốn nạn nào?) đã nói, là một nồi lẩu hải sản, và con người là những con tôm trong đó: chẳng thể chui ra khỏi nồi, chỉ có thể nhảy vòng quanh, sao cho mình không bị đẩy xuống đáy, cứ như vậy đến khi nước sôi và tất cả đều bị nấu chín. Đối mặt với cuộc sống cùn mòn, quẩn quanh, và đó lại là cuộc sống đô thị ngột ngạt của những người trẻ, câu đáp trả ngắn gọn nhất, dễ dãi nhất, bật ngay khỏi não và bắn ngay khỏi mồm, chắc sẽ là: “Cái nồi gì thế?!!”', 0, 25),
(47, 'Sến', 54000.00, 'vhvn-5.jpg', 'Ừ, thì SẾN! Giễu nhại và thách thức, Lão Phạm tinh quái cắm một tấm biển như thế trên địa giới chữ của mình.\r\n\r\nĐược viết như những công án hiện đại, SẾN bàn về tình yêu với đủ các thái cực của nó: dấn thân, nhầm lẫn, cô đơn, khác biệt, nguyên tắc, cá nhân, nhục dục, hy sinh, kiếm tìm, ảo ảnh... Lối viết tiết chế mà hài hước, gọn gẽ vẫn tha thiết, lãng mạn, kiệm lời nhưng đầy cảm xúc và suy tư, Lão Phạm kể những câu chuyện khiến ta hoặc bật cười, hoặc rưng rưng, để rồi sau rốt là ngẫm ngợi không nguôi…\r\n\r\n ', 0, 25),
(48, 'Tắt Đèn', 48000.00, 'vhvn-6.jpg', '“Đánh ‘xoảng’ một cái, cái bát ở mâm lý cựu bay thẳng sang mâm lý đương. Và đánh ‘chát’ một cái, cái chậu ở chiếu lý đương cũng đập luôn vào cây cột bên cạnh lý cựu. Nước canh, nước mắm bắn ra tứ tung. Hết thảy mọi người đều lố nhố đứng dậy…\r\n\r\nChánh tổng sực tan giấc mộng, ngơ ngác hỏi giật hỏi giọng:\r\n\r\n- Cái gì thế? Cái gì thế? Nốc cho lắm rồi nói bậy! Người nào gây chuyện với người nào?”', 0, 25),
(49, 'Ngụy', 49000.00, 'vhvn-7.jpg', '“- Vì mày mà mẹ mày mới chết và rồi đây con mày, nếu tao chết nó sẽ ra sao? Tao hận trời xanh, hận cha tao đã đẻ tao ra trên cõi đời này… Mày tệ quá Độ ơi…\r\n\r\nSáng hôm sau ông Đức thức dậy thì Độ đã lạnh giá. Nó chết. Bên cạnh Độ là kim tiêm và nước cất, thêm năm vỏ ống hút nằm một chỗ. Ông Đức biết Độ chơi quá liều. Ai thâm niên lắm chỉ hai tép, nay một lần năm tép là tự sát. Ông biết vậy.\r\n\r\nVà chết thì phải chôn.”\r\n\r\n- Trích “Bất Lực”\r\n\r\nNguyễn Trí không cố tình gây sửng sốt, văn của ông chính là những gì người ta chạm vào được, nhìn thấy được: một phần kinh nghiệm, một phần hiện thực và một phần rất nhỏ khiếu kể chuyện duyên dáng của người cầm bút. Với Ngụy, những số phận bị vùi dập, bị kiềm hãm, đọa đày được đưa ra ánh sáng, và ở đâu đó có cả những chuyện thật mà như đùa về những con người vẫn đang sống nhưng phải dùng tiền để mua lại quyền làm người.', 0, 25),
(50, 'Cuộc Đời Và Số Phận', 368000.00, 'vhnngoai-1.jpg', 'Xoay quanh trận Stalingrad, trận chiến mang tính bước ngoặt trong Thế chiến Hai, Cuộc đời và Số phận muốn nắm bắt tinh thần của một thời đại bão tố mà nước Nga trải qua. Đó là một bức tranh mênh mông với đông đảo các nhân vật thuộc đủ mọi tầng lớp khiến sự chân thực của bức tranh ấy không chỉ đến những sự kiện lớn lao, những anh hùng thời đại quyết định vận mệnh của một dân tộc, mà còn đến từ những tình cảm, suy nghĩ nhỏ nhặt, những bi kịch tinh thần của mỗi cá nhân. \r\n\r\nBức tranh nước Nga đó phong phú đa diện nhưng đồng thời vẫn hết sức nhất quán nhờ một câu hỏi đầy dằn vặt không ngừng trở đi trở lại: Làm thế nào con người có thể kháng cự quá trình phi nhân hóa, làm thế nào để có thể vừa sống sót vừa giữ được tính người trong cơn bão tố của lịch sử?\r\n\r\n \r\n\r\n“Cuốn sách có vị thế sánh ngang Vòng đầu địa ngục và Bác sĩ Zhivago, với tư cách một biên bản ghi lại số phận nước Nga” - USA Today\r\n\r\n \r\n\r\n“Một kinh điển của văn chương Nga thế kỷ 20.” - The New York Times\r\n\r\n \r\n\r\nVasily Semyonovich Grossman (1905 - 1964) là phóng viên chiến trường, nhà văn người Nga gốc Do Thái. Ban đầu Grossman lựa chọn ngành kĩ thuật hóa học, nhưng đến thập niên 30 ông đã từ bỏ để theo đuổi sự nghiệp viết lách. Cuộc đời Grossman gắn liền với những thăng trầm của nước Nga thời kì Xô viết, mà trung tâm là cuộc chiến tranh vệ quốc chống lại Phát xít Đức xâm lược Nga năm 1941. Xông xáo, quyết liệt, không ngại hiểm nguy, cùng một khao khát mãnh liệt được nói lên sự thật, Vasily Grossman được coi là một anh hùng thời chiến, và các trước tác của ông chính là một hình ảnh phong phú và chân thực về người Nga trong Đại chiến thế giới. \r\n\r\nVasily Grossman để lại một số lượng lớn bài báo và ghi chép, cùng các tiểu thuyết The People Immortal, Stalingrad, Cuộc đời và số phận, Everything Flows.', 0, 26),
(51, 'Tiếng Kèn Thiên Nga', 64000.00, 'vhnngoai-2.jpg', '“Thiên nga thì phải vui tươi, không buồn bã; phong nhã, không vụng về; can trường, không hèn nhát.” Và nếu là thiên nga kèn, thì còn phải biết cất tiếng kêu tuýt! tuýt! thật mạnh mẽ, âm vang.\r\n\r\n                                               \r\n\r\nTrớ trêu thay, thiên nga kèn Louis lại không thể kêu tuýt! tuýt!, hay chíp!chíp!, hay phát ra bất kỳ âm thanh nào. Nhưng cũng may mắn làm sao, chú có một người mẹ nhạy cảm và thấu hiểu, một người cha sẵn sàng hy sinh cả tính mạng để tìm cho con trai mình một giọng nói. Và thêm ngàn lần may mắn, chú chính là… Louis, một thiên nga thông minh, nghị lực và đầy phẩm giá. Có hề gì nếu chú không thể cất tiếng kêu như đồng loại cơ chứ? Bởi giờ đây, bằng thứ âm nhạc truyền cảm phát ra từ cây kèn trumpet, thiên nga Louis giao tiếp với cả thế giới.\r\n\r\n \r\n\r\nDí dỏm, đáng yêu, tràn đầy tình yêu gia đình, bạn bè và thấm đẫm vẻ đẹp của thiên nhiên hoang dã, thêm một tác phẩm kinh điển từ E. B. White khiến ta nao lòng.', 0, 26),
(52, 'Nhật Ký Ấm Áp - Báo Mùa Hoa Về', 96000.00, 'vhnngoai-3.jpg', 'Tác phẩm chuyển thể từ bộ tranh nổi tiếng của họa sĩ Fukamachi Naka với hơn 610.000 lượt theo dõi trên Twitter!\r\n\r\nSách tặng kèm 4 postcard và 1 bookmark cực đẹp!\r\n\r\n“Không thể cuộn ngược lại thời gian, cũng không có cách nào bắt nó ngừng trôi.\r\n\r\nDù cho bản thân có dừng lại không di chuyển nữa. Thế gian vẫn cứ tuần hoàn, mùa đuổi mùa đi mãi. Khi mùa xuân lại ghé đến, cô mong mình cũng có thể mỉm cười thật tươi.”\r\n\r\nBao gồm \"Lãng đãng tuyết rơi\", \"Bí mật hướng dương\", \"Anh đào lá đỏ\" và \"Tuyết lưu quang\", bốn câu chuyện lãng mạn chuyển thể từ loạt tranh tuyệt đẹp của Fukamachi Naka sẽ đưa bạn trải qua đủ mọi cung bậc cảm xúc trong tình yêu!\r\n\r\nLiệu bạn có nhận ra \"hạnh phúc\" đang ở ngay bên mình?', 0, 26),
(54, 'Hình Như Ta Đã Yêu Nhau', 102000.00, 'vhnngoai-4.jpg', 'Từng mảnh ký ức vuột đi như cát trôi qua kẽ ngón tay, không cách nào giữ lại được. Mỗi ngày Flora Banks đều trải nghiệm nỗi buồn đó, bởi cô bị mất trí nhớ. Cô thức dậy mà không biết mình bao nhiêu tuổi, có bạn bè gì không, năm nay là năm nào.\r\n\r\n \r\n\r\nThế rồi cô hôn một chàng trai, và ngày hôm sau, cô vẫn nhớ chuyện ấy. Lần đầu tiên kể từ khi mười tuổi, cô nhớ được một chuyện từ ngày hôm trước sang tận ngày hôm sau.\r\n\r\n \r\n\r\nCô phải theo đuổi chàng trai. Không phải chỉ vì anh là tình yêu đích thực của cô, mà có lẽ anh còn có thể giúp cô lấy lại trí nhớ, cứu vớt cuộc đời cô.\r\n\r\n \r\n\r\nNhưng trước bàn tay ma quái của ký ức, những giây phút hoang tưởng mà ngỡ là sự thật, tình yêu của cô có thực sự đáng tin không?\r\n\r\n \r\n\r\nTình cảnh và chứng bệnh của Flora có thể hiếm gặp, nhưng mỗi người trưởng thành đều có thể nhìn thấy mình trong khát vọng vượt lên nghịch cảnh và ý chí kiếm tìm sự thật, cảm xúc yêu đương cuồng nộ của cô gái. Có lẽ bởi thế mà Hình như ta đã yêu nhau, tiểu thuyết đầu tay của Emily Barr đã nhanh chóng vươn lên dẫn đầu top sách bán chạy tại Anh quốc. Một cuốn tiểu thuyết không thể quên về chứng bệnh quên.', 75, 26),
(55, 'Nghệ Thuật Tiểu Thuyết', 92000.00, 'thoisuchinhtri-1.jpg', 'Milan Kundera sinh năm 1929 ở Séc, định cư ở Pháp từ năm 1975 và nhập quốc tịch Pháp năm 1981. Sớm nổi tiếng với các bài thơ và tiểu thuyết bằng tiếng Séc, ông chuyển hẳn sang sáng tác bằng tiếng Pháp từ năm 1995. Ngoài mười cuốn tiểu thuyết và một tập truyện ngắn (chín trong đó đã được dịch ở Việt Nam), ông còn viết kịch, phê bình và tiểu luận, với bốn tập tiểu luận về văn học viết trực tiếp bằng tiếng Pháp đều đã dịch sang tiếng Việt.\r\n\r\nCác tác phẩm của Kundera đã xuất bản bằng tiếng Việt:\r\nTiểu thuyết, tập truyện ngắn:\r\n- Cuộc sống không ở đây (Cao Việt Dũng dịch)\r\n- Những mối tình nực cười (Cao Việt Dũng dịch)\r\n- Điệu van giã từ (Cao Việt Dũng dịch)\r\n- Đời nhẹ khôn kham (Trịnh Y Thư dịch)\r\n- Sự bất tử (Ngân Xuyên dịch)\r\n- Chậm (Ngân Xuyên dịch)\r\n- Căn cước (Ngân Xuyên dịch)\r\n- Vô tri (Cao Việt Dũng dịch)\r\n- Lễ hội của vô nghĩa (Nguyên Ngọc dịch)\r\nTiểu luận:\r\n- Nghệ thuật tiểu thuyết (Nguyên Ngọc dịch)\r\n- Những di chúc bị phản bội (Nguyên Ngọc dịch)\r\n- Màn (Cao Việt Dũng dịch)\r\n- Một cuộc gặp gỡ (Nguyên Ngọc dịch)', 0, 27),
(56, 'Sinh Tồn Giữa Thiên Nhiên Cẩm Nang Toàn Tập Về Dã Ngoại', 182000.00, 'thoisuchinhtri-2.jpg', 'Trong xã hội bộn bề ngày nay, hòa mình vào thiên nhiên, trở về với không gian nguyên sơ và yên bình đang dần trở thành xu hướng được nhiều người quan tâm. Ta hoàn toàn có thể sống và tận hưởng thiên nhiên cùng cả gia đình một cách an toàn, miễn là ta chuẩn bị hành trang đúng cách.\r\n\r\nNicolas Clémendot, giảng viên dạy kỹ năng sinh tồn và bushcraft với hơn 10 năm kinh nghiệm và Émilie Cuissard, nhà thực vật học đam mê nghiên cứu các loài cây dại, sẽ đưa bạn rời khỏi những con đường mòn, tiến sâu vào rừng núi để trải nghiệm một chuyến đi có 1-0-2!\r\n\r\nBạn sẽ tìm thấy trong cuốn sách với những minh họa tỉ mỉ bằng hình ảnh và tranh vẽ này:\r\n\r\n• Các phương pháp quan sát và lần theo dấu chân của động vật hoang dã;\r\n\r\n• Cách xác định phương hướng khi có hoặc không có bản đồ và la bàn;\r\n\r\n• Bộ công cụ cần thiết để xử lý mọi tình huống;\r\n\r\n• Các kỹ thuật dựng lều, lọc nước, nhóm lửa...;\r\n\r\n• Thu hái cây cỏ và nấu nướng tại nơi cắm trại;\r\n\r\n• Những thao tác cần biết khi đối mặt với bất trắc và phát tín hiệu cầu cứu.\r\n\r\n \r\n\r\nCuốn cẩm nang không thể thiếu cho những ai muốn hòa mình với thiên nhiên!', 0, 27),
(57, 'Dòng Máu Cao Quý', 64000.00, 'thoisuchinhtri-3.jpg', 'Bố mất khi cậu còn nhỏ tuổi, Patrick Nothomb lớn lên bên cạnh một người mẹ tư sản thường xuyên vắng mặt. Cậu được ông bà ngoại nuôi dưỡng và cưng chiều, cho đến khi được về Ardennes sống với ông bà nội, những nhà quý tộc hết thời ở trong một toà lâu đài rộng lớn nhưng đến ăn cũng thiếu. Ấy vậy nhưng, trước vẻ quyến rũ của ông nội, sự trong trẻo của bà nội cùng sự hoang dã của các cô các chú mình, Patrick lại cảm thấy hạnh phúc và từ đó trở nên mạnh mẽ. Cậu trưởng thành, trở thành nhà ngoại giao, đi công cán Congo giữa lúc đất nước này còn nhiều bất ổn và âm thầm lập công, nhờ tài đàm phán và lòng dũng cảm mà kéo dài thời gian sống cho nhiều mạng con tin trong một vụ bắt cóc kinh hoàng. \r\n\r\nDòng máu cao quý là tiểu thuyết thứ ba mươi của Amélie Nothomb. Tác phẩm đạt Giải Renaudot 2021 và lọt vào danh sách “100 cuốn sách tiêu biểu của năm” do tạp chí văn học uy tín, Lire, bầu chọn.\r\n\r\n \r\n\r\nAmélie Nothomb chào đời tại Kobé năm 1967. Ngay từ cuốn tiểu thuyết đầu tay Vệ sinh kẻ sát nhân, xuất bản năm 1992, bà đã cho thấy mình là một văn sĩ đặc biệt. năm 1999, bà giành Giải thưởng Lớn của Viện Hàn lâm Pháp với tác phẩm Sững sờ và run rẩy.', 0, 27),
(58, 'Nếu...Thì', 65000.00, 'thoisuchinhtri-4.jpg', 'Chúng ta được sinh ra với một tư duy phân biệt và bản thể bị giới hạn. Điều này là cần thiết, vì nếu không chúng ta không thể biết được đâu là mình, đâu không phải là mình, và đâu là thứ sẽ là mình. Mình là một thứ vô cùng quan trọng. Nhưng biết được rồi, thì hãy gác nó qua một bên. Gác lại luôn những điều mình vẫn tin là đúng, và thử tự hỏi xem nếu điều ngược lại xảy ra thì sao. Biết đâu điều ngược lại mới là đúng? Biết đâu đó là cách để có thể vượt qua được định kiến của bản thân. Biết đâu khi đó mình sẽ trở nên rộng mở và bao la hơn?\r\n\r\nHãy đặt câu hỏi. Đặt thật nhiều vào. Trả lời chúng tất nhiên là tốn công tốn sức, và rồi sẽ có lúc bạn cảm thấy hoang mang. Nhưng nhờ thế, bạn thấy yên tâm hơn với những điều hiện tại. Nhưng hay hơn cả, là đặt câu hỏi cho những điều tưởng như không bao giờ tồn tại. Biết đâu một ngày nào đó nó có thực thì sao? Mà cho dù nó không đến, thì bạn cũng đã có trong tay vô số lối đi để tiếp tục cuộc hành trình.', 0, 27),
(59, 'Lịch Sử Chính Trị Cho Thanh Thiếu Niên', 94000.00, 'thamkhao-1.jpg', 'Chính trị  là một trong những chủ đề người ta hạn chế đề cập đến trong những cuộc nói chuyện lịch sự, có phải vì các quan điểm chính trị khác nhau dễ gây tranh cãi ? Nhưng nếu bạn muốn hiểu về thế giới xung quanh, bạn phải hiểu về chính trị. Chính trị là cách bất kỳ nhóm người nào quyết định cách điều hành một nhóm, một thành phố, một đất nước hay một lục địa. Chính trị là cách đưa ra các quyết định: nhỏ bé như quyết định ai là lớp trưởng; to tát như bỏ phiếu bầu đại biểu quốc hội hay Chủ tịch nước. Chính trị ở khắp mọi nơi và sớm muộn gì, chúng ta cũng sẽ là một phần của chính trị.\r\n\r\n \r\n\r\nSách đã được lựa chọn là Cuốn sách của Tuần của tạp chíThe Sunday Times, Anh vào Tháng Một năm 2018.\r\n\r\n \r\n\r\n“Một tài liệu tuyệt vời dành cho mọi lứa tuổi, cuốn sách này khám phá những vấn đề lớn trong thế giới chính trị ngày nay cũng như các hệ thống chính trị trong lịch sử.”\r\n\r\n- Just Imagine', 0, 28),
(60, 'Lịch Lãm Như Một Quý Ông', 86000.00, 'thamkhao-2.jpg', 'Lịch lãm luôn là yếu tố tiên quyết tạo nên sức hấp dẫn cho phái mạnh. Với tất cả những ai đang loay hoay tìm kiếm phong cách, hoặc xây dựng hình ảnh người đàn ông hiện đại, thành công và thu hút, Lịch lãm như một quý ông chắc chắn là cuốn sách không thể bỏ qua.\r\n\r\n \r\n\r\n“Đã đến lúc phải ‘bật mí’ các quy tắc để mỗi quý ông đều có thể tránh những sai lầm trong ăn mặc và diện những bộ trang phục phù hợp, tạo phong cách tương xứng với từng hoàn cảnh để có một diện mạo tôn vinh giá trị bản thân”.\r\n\r\n \r\n\r\n“[…] Quần áo luôn biết nịnh; người lịch lãm không phải tôi, mà chính là bộ com lê tôi mặc trên người.”\r\n\r\n \r\n\r\nCuốn sách, tựa như cuốn cẩm nang chi tiết, đầy đủ, với giọng văn thoải mái và những hình ảnh minh họa dễ chịu, đã chia sẻ những kiến thức từ cơ bản đến chuyên sâu về thời trang giúp phái mạnh xây dựng cho mình phong cách ấn tượng, lịch lãm, nam tính và nhất là khó quên.', 78, 28),
(61, 'Sổ Tay Ăn Dặm Của Mẹ', 79000.00, 'thamkhao-3.jpg', '“Trong quá trình khám chữa bệnh, tôi gặp nhiều trường hợp các em bé bị suy dinh dưỡng, còi xương không phải vì gia đình không có điều kiện mà do… quá có điều kiện. Tôi gặp những em bé khá bụ bẫm nhưng bố mẹ vẫn đưa đi khám vì thấy con không tăng cân và cho là con biếng ăn. Trong khi đó cũng có những trường hợp bố mẹ nói rằng con ăn rất được nhưng thực ra khẩu phần dinh dưỡng lại không đủ hoặc không cân đối. Nhưng biếng ăn là câu chuyện tôi gặp nhiều nhất. Chưa bao giờ câu chuyện cho bé ăn gì và ăn như thế nào lại khiến các bố mẹ lo lắng nhiều như vậy.\r\n\r\nChính vì thế tôi viết cuốn sách Sổ tay ăn dặm của mẹ này với hi vọng có thể giải đáp được phần lớn thắc mắc của các bà mẹ khi cho con ăn dặm. Sách được trình bày dưới dạng hỏi đáp ngắn gọn, cô đọng để mẹ nắm được những kiến thức cơ bản về dinh dưỡng cho bé trong độ tuổi ăn dặm, giải đáp thắc mắc về thói quen ăn uống và tiêu hóa của bé, hay là cách chăm sóc bữa ăn cho bé khi bé bị bệnh, cách chế biến và bảo quản thực phẩm khoa học.”\r\n\r\n- Lê Thị Hải', 0, 28),
(63, 'Khoa Học Kỹ Thuật Excel Ứng Dụng Văn Phòng – Từ Cơ Bản Đến Nâng Cao ', 178000.00, 'giamgiadacbiet-1.jpg', 'Cuốn sách “Excel Ứng Dụng Văn Phòng – Từ Cơ Bản Đến Nâng Cao” là một tài liệu cực kỳ hữu ích cho những ai muốn trở thành chuyên viên tin học văn phòng chuyên nghiệp. Với hơn 10 năm kinh nghiệm đào tạo hàng nghìn học viên, tác giả đã tổng hợp lại những kiến thức cần thiết và đang được ứng dụng trong thực tế để giúp bạn trở thành một chuyên gia Excel.\r\n\r\nCuốn sách này không chỉ đưa ra các kiến thức cơ bản về Excel, mà còn giới thiệu đến người đọc những kỹ năng và công cụ nâng cao để giải quyết những công việc phức tạp. Ngoài ra, cuốn sách cũng đi kèm với tài liệu bài tập thực hành để bạn có thể thực hành và áp dụng các kiến thức đã học một cách hiệu quả.\r\n\r\nVới mong muốn giúp cho hàng triệu người Việt Nam tiếp cận được những kiến thức hữu ích và nâng cao năng lực sử dụng Excel của bản thân, cuốn sách này sẽ giúp cho công việc của bạn được thực hiện nhanh chóng, chính xác và hiệu quả hơn. Hãy tải về và bắt đầu học ngay hôm nay để có cơ hội phát triển thăng tiến trong sự nghiệp của mình.', 0, 29),
(64, 'The Vanishing Act', 382000.00, 'giamgiadacbiet-2.jpg', 'Một Nửa Biến Mất là một cuốn tiểu thuyết lịch sử viễn tưởng của tác giả người Mỹ Brit Bennett. Đây là cuốn tiểu thuyết thứ hai của cô và được Riverhead Books xuất bản vào năm 2020. Cuốn tiểu thuyết ra mắt ở vị trí số một trong danh sách tiểu thuyết bán chạy nhất của The New York Times. ', 70, 29),
(65, 'Mỗi Ngày Tiết Kiệm Một Giờ', 33000.00, 'giamgiadacbiet-3.jpg', 'Quyển sách về quản lý thời gian với cách tiếp cận thẳng thắn và trực tiếp của Michael Heppell. Có thể nói trong quyển sách này chỉ có sự thực hành, thực hành và thực hành, vì hầu như từ đầu đến cuối đều là những ý tưởng mà tác giả đã học hỏi, tổng hợp và tự mình thử nghiệm hoặc do những độc giả thân thiết của ông thử nghiệm.\r\n\r\nMỗi chương sách là một tập hợp nhiều ý tưởng và công cụ hữu dụng để tiết kiệm tối đa thời gian, được tác giả chia theo các chủ đề rất gần gũi với đời sống thường ngày của bất cứ ai trong chúng ta.\r\n\r\nĐây là một cuốn sách có thể thúc đẩy bất kỳ ai hành động, để không những “mỗi ngày tiết kiệm 1 giờ” mà thậm chí nhiều giờ, đồng thời gia tăng chất lượng cuộc sống của tất cả chúng ta.\r\n\r\n', 69, 29);
INSERT INTO `sanpham` (`id`, `name`, `price`, `img`, `mota`, `luotxem`, `iddm`) VALUES
(66, 'Tiếng Anh Cho Người Mới Bắt Đầu', 139000.00, 'taiban-1.jpg', 'Các bạn thân mến!\r\n\r\nTrong xu thế hội nhập và toàn cầu hoá như hiện nay, việc thông thạo tiếng Anh sẽ là một lợi thế, giúp chúng ta mở mang tầm mắt, nâng cao tri thức và có nhiều cơ hội việc làm cũng như sự thăng tiến. Có lẽ vì thế mà ngày càng có nhiều người quyết tâm theo học ngôn ngữ này. Tuy nhiên, với đại đa số người bắt đầu học tiếng Anh đều gặp khó khăn trong việc xác định nội dung và phương pháp học tập hiệu quả. Có rất nhiều người không biết nên bắt đầu học từ đâu, nên học những nội dung gì, nên học phần gì trước phần gì sau. Đó là còn chưa kể đến chương trình học trong nhà trường phổ thông vẫn nặng về lí thuyết và thi cử nên có rất nhiều bạn học sinh không thể tự tin sử dụng tiếng Anh trong giao tiếp hàng ngày.\r\n\r\nXuất phát từ thực tế đó, nhóm tác giả đã dành nhiều thời gian và tâm huyết để biên soạn cuốn TIẾNG ANH CHO NGƯỜI BẮT ĐẦU. Cuốn sách gồm có 30 bài, trong đó mỗi bài lại được chia thành các phần: nghe- nói- đọc- viết và ngữ pháp. Điểm đặc biệt của cuốn sách này là nó khai thác ý nghĩa và cách dùng của ngữ pháp tiếng Anh, rồi từ chính việc nắm được ngữ pháp tiếng Anh sẽ giúp người học vận dụng nó để nói đúng trong giao tiếp. Các tình huống giao tiếp được xây dựng dựa trên các cách dùng của các hiện tượng ngữ pháp và từ các\r\n\r\nchủ đề giao tiếp sẽ phát triển vốn từ vựng theo chủ đề. Khi đã có vốn từ vựng và ngữ pháp thì người học sẽ được đi vào rèn luyện các kĩ năng nghe- nói- đọc- viết. Tất cả những điều đó được tích hợp trong từng đơn vị bài học của cuốn sách. Bên cạnh một hệ thống bài học được xây dựng logic, khoa học và dễ hiểu, thì cuốn sách còn có lời giải chi tiết cho từng câu bài tập và có file nghe được thu âm bởi chính giáo viên bản xứ. Cuốn sách nhằm giúp khắc phục nhược điểm trong thói quen học ngoại ngữ của người học; đó là sợ nói sai, dùng sai ngữ pháp và cũng chính vì nỗi sợ đó mà cản trở sự tự tin trong việc sử dụng ngôn ngữ. Cuốn sách bắt đầu đi từ ngữ pháp, nhưng từ ngữ pháp hướng tới việc phát triển đầy đủ các kĩ năng ngôn ngữ cho người học và giúp người học tự tin sử dụng tiếng Anh trong công việc cũng như trong cuộc sống hàng ngày.\r\n\r\nhttps://drive.google.com/drive/folders/1xn2qE9V8x3IqmZotgbhiX1f3aYr29yY_?usp=sharing', 65, 30),
(67, 'Tự Học Tiếng Anh Cấp Tốc Cho Người Mới Bắt Đầu', 109000.00, 'taiban-2.jpg', 'Tự học tiếng Anh cấp tốc dành cho người mới bắt đầu (The Windy) được coi là cuốn sách học tiếng Anh gói đầu giường của rất nhiều người. Trong cuốn sách này bạn sẽ tìm được rất nhiều phương pháp học tiếng Anh mới lạ, không theo cách truyền thống nhưng lại rất hiệu quả. Bên cạnh đó còn là vốn từ vựng cơ bản, thường gặp và các mẫu câu – mẫu hội thoại từ đơn giản tới phức tạp.', 0, 30),
(68, 'Tự Học Tiếng Trung Cho Người Mới Bắt Đầu', 168000.00, 'taiban-3.jpg', 'Tiếng Trung chính là chìa khóa mở cánh cửa bước vào đất nước với nền văn hóa lâu đời và phức tạp nhất thế giới. Với lịch sử lâu đời như vậy, tiếng Trung không phải là một ngôn ngữ quá khó nhưng cũng không hề dễ dàng. Làm thế nào để tự học tiếng Trung cho người mới bắt đầu? Cuốn sách cùng tên: “Tự học tiếng trung cho người mới bắt đầu” chính là câu trả lời cho câu hỏi đó.', 0, 30),
(69, 'Kế Toán Vỉa Hè', 168000.00, 'taiban-4.jpg', 'Quyển sách Kế Toán Vỉa Hè – Thực Hành Báo Cáo Tài Chính Căn Bản Từ Quầy Bán Nước Chanh sẽ mang đến cho bạn kiến thức căn bản về kế toán doanh nghiệp, Phân biệt 3 loại báo cáo tài chính quan trọng nhất, Phân tích chức năng của mỗi loại báo cáo trong quản trị doanh nghiệp, Hiểu và tự lập được bảng cân đối kế toán, báo cáo kết quả kinh doanh, báo cáo luân chuyển tiền tệ, Đánh giá sơ bộ được sức khỏe tài chính của doanh nghiệp thông qua 3 báo cáo tài chính trên.', 68, 30),
(71, 'Mindmap English Grammar - Ngữ Pháp Tiếng Anh Bằng Sơ Đồ Tư Duy', 241000.00, 'dattruoc-1.jpg', 'Trước đây, khi tiếng Anh chưa là ngôn ngữ quốc tế trong môi trường toàn cầu hóa, xu hướng việc giảng dạy và học tập tiếng Anh tại Việt Nam thiên về hai kỹ năng ĐỌC HIỂU và VIẾT. Hệ quả là trong các thế hệ trước, nhiều người đọc hiểu và viết tiếng Anh thông thạo không kém người bản xứ được học hành tử tế; ngược lại, gặp khó khăn khi giao tiếp nghe-nói bằng tiếng Anh.\r\n\r\nTừ thập niên 90 thế kỷ trước đây, giao tiếp ngôn ngữ bao gồm bốn kỹ năng cơ bản: NGHE – NÓI - ĐỌC - VIẾT. Do vậy khi nói đến tiếng Anh giao tiếp có nghĩa là cần phải giao tiếp được cả bốn kỹ năng trên. Phương pháp giao tiếp dựa trên sự phát triển kỹ năng ngôn ngữ của trẻ em: giai đoạn đầu tập trung vào phát triển NGHE - NÓI; giai đoạn phát triển tập trung ĐỌC VIẾT. Nói như vậy không có nghĩa là khi dạy kỹ năng nghe nói thì không có yêu cầu phát triển kỹ năng đọc viết và ngược lại. Đối với môi trường giao lưu ngôn ngữ và kinh tế toàn cầu và phát triển khoa học ngày nay, kỹ năng dịch thuật và phiên dịch cũng nằm trong giao tiếp ngôn ngữ bậc cao trong môi trường toàn cầu hóa. Vai trò của ngữ pháp trong phát triển ngôn ngữ luôn là nền tảng để học và phát triển một ngôn ngữ. Để phát triển một ngôn ngữ, dù đó là ngoại ngữ như tiếng Anh, nền tảng của ngôn ngữ là ngữ pháp, từ vựng và phát âm. Do vậy, vai trò ngữ pháp là để phát triển ngôn ngữ đúng và đủ để phát triển kỹ năng giao tiếp; ngữ pháp không chỉ để hiểu về ngôn ngữ mà để sử dụng đúng ngôn ngữ (not knowing about the language, but knowing the language). Điều này cho thấy học ngữ pháp tiếng Anh ở Việt Nam là đúng vì tiếng Anh là EFL (ngoại ngữ), không phải ESL (ngôn ngữ thứ hai), tuy nhiên sự yếu kém trong việc học và dạy ngữ pháp là để làm bài tập, sau đó là bài thi mà không dùng ngữ pháp trong các hoạt động ngôn ngữ (activities) và thực hành ngôn ngữ (tasks). Nhằm góp phần hỗ trợ học ngữ pháp, MIND MAP ENGLISH GRAMMAR là công cụ để hiểu biết tiếng Anh dưới hình thức tóm lược theo tư duy logic. Do vậy người học cần sử dụng hiểu biết về ngữ pháp và quan trọng hơn là ứng dụng vào nhiều hoạt động thực hành để phát huy các chủ đề ngữ pháp trong cuốn sách.\r\n\r\nNgữ Pháp Tiếng Anh Bằng Sơ Đồ Tư Duy có những đặc điểm sau đây:\r\n\r\n- Giảng viên có thể hướng dẫn cho người học các chủ đề và chủ điểm ngữ pháp theo tư duy logic qua các sơ đồ tư duy tóm tắt dễ nhớ và dễ hiểu.\r\n\r\n- Người học dễ dàng tự học và tham khảo trước khi làm các bài tập ngữ pháp hoặc sử dụng tiếng Anh.\r\n\r\n;- Hệ thống bài học được trình bày dạng \"mind map\" cách tân từ thấp lên cao nên người học yêu thích ngữ pháp tiếng Anh hơn.\r\n\r\n- Sau khi học, hiểu, nắm vững các chủ đề, chủ điểm ngữ pháp, người học có thể tự vẽ lấy \"mind map\" của riêng mình.\r\n\r\nMã hàng	8935246917176\r\nTên Nhà Cung Cấp	MCBooks\r\nTác giả	Đỗ Nhung\r\nNXB	NXB Hồng Đức\r\nNăm XB	2018\r\nNgôn Ngữ	Tiếng Việt\r\nTrọng lượng (gr)	300\r\nKích Thước Bao Bì	24 x 17 x 0.5 cm\r\nSố trang	292\r\nHình thức	Bìa Mềm\r\nSản phẩm hiển thị trong	\r\nB2S - Lớp 6 - 2022\r\nB2S - Lớp 7 - 2022\r\nMCBooks\r\nSản phẩm bán chạy nhất	Top 100 sản phẩm Ngữ Pháp bán chạy của tháng\r\nGiá sản phẩm trên Fahasa.com đã bao gồm thuế theo luật hiện hành. Bên cạnh đó, tuỳ vào loại sản phẩm, hình thức và địa chỉ giao hàng mà có thể phát sinh thêm chi phí khác như Phụ phí đóng gói, phí vận chuyển, phụ phí hàng cồng kềnh,...\r\nChính sách khuyến mãi trên Fahasa.com không áp dụng cho Hệ thống Nhà sách Fahasa trên toàn quốc\r\nTrước đây, khi tiếng Anh chưa là ngôn ngữ quốc tế trong môi trường toàn cầu hóa, xu hướng việc giảng dạy và học tập tiếng Anh tại Việt Nam thiên về hai kỹ năng ĐỌC HIỂU và VIẾT. Hệ quả là trong các thế hệ trước, nhiều người đọc hiểu và viết tiếng Anh thông thạo không kém người bản xứ được học hành tử tế; ngược lại, gặp khó khăn khi giao tiếp nghe-nói bằng tiếng Anh.\r\n\r\nTừ thập niên 90 thế kỷ trước đây, giao tiếp ngôn ngữ bao gồm bốn kỹ năng cơ bản: NGHE – NÓI - ĐỌC - VIẾT. Do vậy khi nói đến tiếng Anh giao tiếp có nghĩa là cần phải giao tiếp được cả bốn kỹ năng trên. Phương pháp giao tiếp dựa trên sự phát triển kỹ năng ngôn ngữ của trẻ em: giai đoạn đầu tập trung vào phát triển NGHE - NÓI; giai đoạn phát triển tập trung ĐỌC VIẾT. Nói như vậy không có nghĩa là khi dạy kỹ năng nghe nói thì không có yêu cầu phát triển kỹ năng đọc viết và ngược lại. Đối với môi trường giao lưu ngôn ngữ và kinh tế toàn cầu và phát triển khoa học ngày nay, kỹ năng dịch thuật và phiên dịch cũng nằm trong giao tiếp ngôn ngữ bậc cao trong môi trường toàn cầu hóa. Vai trò của ngữ pháp trong phát triển ngôn ngữ luôn là nền tảng để học và phát triển một ngôn ngữ. Để phát triển một ngôn ngữ, dù đó là ngoại ngữ như tiếng Anh, nền tảng của ngôn ngữ là ngữ pháp, từ vựng và phát âm. Do vậy, vai trò ngữ pháp là để phát triển ngôn ngữ đúng và đủ để phát triển kỹ năng giao tiếp; ngữ pháp không chỉ để hiểu về ngôn ngữ mà để sử dụng đúng ngôn ngữ (not knowing about the language, but knowing the language). Điều này cho thấy học ngữ pháp tiếng Anh ở Việt Nam là đúng vì tiếng Anh là EFL (ngoại ngữ), không phải ESL (ngôn ngữ thứ hai), tuy nhiên sự yếu kém trong việc học và dạy ngữ pháp là để làm bài tập, sau đó là bài thi mà không dùng ngữ pháp trong các hoạt động ngôn ngữ (activities) và thực hành ngôn ngữ (tasks). Nhằm góp phần hỗ trợ học ngữ pháp, MIND MAP ENGLISH GRAMMAR là công cụ để hiểu biết tiếng Anh dưới hình thức tóm lược theo tư duy logic. Do vậy người học cần sử dụng hiểu biết về ngữ pháp và quan trọng hơn là ứng dụng vào nhiều hoạt động thực hành để phát huy các chủ đề ngữ pháp trong cuốn sách.', 0, 33),
(72, 'Không Bao Giờ Là Thất Bại Tất Cả Là Thử Thách', 79000.00, 'dattruoc-2.jpg', '“KHÔNG BAO GIỜ LÀ THẤT BẠI! TẤT CẢ LÀ THỬ THÁCH”\r\n\r\nTự truyện nổi tiếng của gã khổng lồ trong nền kinh tế Hàn Quốc – cố Chủ tịch tập đoàn Hyundai Chung Ju-yung\r\n\r\nThất bại xảy ra là để con người nhận ra sức mạnh nội tại của bản thân, bởi không ai sống mà chỉ trải qua những thành công trong suốt cuộc đời. Tuy vậy, ta vẫn luôn băn khoăn tự hỏi bản thân rằng bao nhiêu lần thất bại mới đủ để thành công?\r\n\r\nMỗi người đều có định nghĩa khác nhau về thành công. Nó có thể được hiểu là đạt được mục tiêu đã đề ra, nhưng ở một góc nhìn khác thì thành công chính là rút ra được kinh nghiệm và hiên ngang bước tiếp sau những lần thất bại. Việc thấu hiểu bản chất của thành công lẫn thất bại đòi hỏi ý chí và tầm nhìn của chính bản thân người trải nghiệm. Chung Ju-yung – người khởi nghiệp từ hai bàn tay trắng đã trở thành chủ tịch của Hyundai, một tập đoàn nổi tiếng trên thế giới và là niềm tự hào của người dân Hàn Quốc – có lẽ hơn ai hết sẽ thấu hiểu những vất vả, thử thách và bài học xương máu trên con đường chinh phục đỉnh vinh quang của mình.\r\n\r\n“Không bao giờ là thất bại! Tất cả là thử thách” được xem như cuốn tự truyện chi tiết về cuộc đời lẫn sự nghiệp của cố Chủ tịch Chung Ju-yung. Không chỉ thuật lại hành trình tạo lập nên một tập đoàn công nghiệp phát triển bậc nhất, cuốn sách còn chứa đựng những bài học sâu sắc về quản trị, kinh doanh cũng như đạo làm người với tinh thần “đắc nhân tâm”. Đây chính là cuốn sách gối đầu giường của rất nhiều doanh nhân Việt Nam.', 0, 33),
(73, 'Chiến Thắng Con Quỷ Trong Bạn', 80000.00, 'dattruoc-3.jpg', 'Cuốn sách là cuộc trò chuyện của Napoleon Hill và Con Quỷ. Sau bao nhiêu năm miệt mài nghiên cứu cuối cùng ông cũng phát hiện ra Con Quỷ, bắt nó phải thú tội và tiết lộ những sự thật kinh hoàng về nơi nó sống, cách nó kiểm soát tâm trí con người và cách để con người chiến thắng được nó. Khi đọc cuốn sách này, có thể bạn sẽ tự hỏi, cuộc trò chuyện này có thật không? Con Quỷ là có thật hay là một sản phẩm của trí tưởng tượng của Napoleon Hill. Nhưng quyền lựa chọn cách hiểu vấn đề là của bạn. Bởi lẽ cuối cùng, thông qua cuộc trò chuyện với Con Quỷ, Napoleon Hill đã cung cấp cho chúng ta chìa khóa để chiến thắng Con Quỷ trong cuộc sống riêng của mỗi người.\r\n\r\nHãy tận hưởng cuốn sách kỳ diệu này và chia sẻ nó với gia đình, bạn bè. Sức mạnh trong ngôn từ của Napoleon Hill có thể và sẽ thay đổi cuộc đời bạn.\r\n\r\nLời khen tặng dành cho CHIẾN THẮNG CON QUỶ TRONG BẠN của Napoleon Hill:\r\n\r\n“Chiến thắng Con Quỷ trong bạn một lần nữa lại chứng minh rằng thông điệp và triết lý của Napoleon Hill sẽ còn sống mãi với thời gian. Cuốn sách này ẩn chứa những nội dung sâu sắc về việc làm thế nào để thoát khỏi những thói quen và thái độ ngáng trở con đường đến với thành công, hạnh phúc và thịnh vượng của bạn. Nếu bạn muốn vượt qua những rào cản do chính bản thân mình tạo ra, hãy đọc cuốn sách này!”\r\n\r\nT. HARV EKER\r\n\r\nTác giả của cuốn sách bán chạy số một của New York Times – Bí mật của Trí tuệ Triệu phú (Secrets of the Millionaire Mind)\r\n\r\n“Có lẽ tôi là người nghiên cứu về các công trình của Napoleon Hill kỹ càng nhất trong số những người còn sống trên thế giới này. Đã 50 năm trôi qua kể từ ngày tôi cầm cuốn sách Think and Grow Rich – 13 nguyên tắc nghĩ giàu, làm giàu lên. Tôi luôn mang nó bên mình và đọc nó mỗi ngày. Khi Sharon Lechter gửi cho tôi một bản của cuốn sách Chiến thắng Con Quỷ trong bạn, tôi nghĩ Napoleon Hill lại làm được điều đó thêm một lần nữa – đây lại là một tác phẩm làm thay đổi cả thế giới. Cuốn sách này sẽ giải thoát con người trên khắp thế giới khỏi những rối loạn tinh thần mà họ đang phải chịu đựng và dỡ bỏ bức tường ngăn cách hàng triệu con người đến với sự tự do trong tâm hồn họ vẫn hằng tìm kiếm.”\r\n\r\nBOB PROCTOR\r\n\r\nNgười sáng lập nên tổ chức Thành công Cuộc đời – www.bobproctor.com\r\n\r\n“Phần lớn mọi người đạt được những thành công vĩ đại ngay sau khi vượt qua những thất bại có vẻ như là thảm hại nhất của họ. Nếu cuốn sách Think and Grow Rich – 13 nguyên tắc nghĩ giàu, làm giàu là tấm bản đồ giúp bạn tìm đến thành công thì Chiến thắng Con Quỷ trong bạn sẽ giúp bạn vượt qua những rào cản ngăn bạn đến với thành công.”\r\n\r\nBRIAN TRACY\r\n\r\nTác giả cuốn sách Đường đến thịnh vượng (The way of wealth)\r\n\r\n‘’Mọi người thường bảo chúng ta phải phớt lờ đi sự tồn tại của những thứ tiêu cực mà chỉ tập trung vào những thứ tích cực mà thôi. Thực ra khi nhận ra cả hai thứ trên và học cách đối mặt với nó, bạn mới có được sức mạnh. Cuốn sách này đã kể ra một câu chuyện vĩ đại và dạy cho chúng ta những bài học tuyệt vời.’’\r\n\r\nLARRY WINGET\r\n\r\nTác giả sách bán chạy trên New York Times và Wall Street Journal Không nói, không khóc nữa và Bắt đầu sống (Shut up, stop whining & Get a life)\r\n\r\n‘’Tác phẩm bất hủ Think and Grow Rich – 13 nguyên tắc nghĩ giàu, làm giàu của Napoleon Hill đi trước thời đại đến cả 50 năm khi nó được viết ra. Tài sản mới được khám phá gần đây – Chiến thắng Con Quỷ trong bạn – lại bổ sung thêm những bằng chứng cho sự thông thái và gia tài của ông. Napoleon Hill đã hướng dẫn bạn phân biệt giữa đúng và sai, tốt nhất và tệ nhất, trái và phải như thể hiện giờ ông vẫn còn sống vậy. Cuốn sách này không phải là lựa chọn cho những người đang tìm kiếm sự sáng suốt của hôm nay có thể dẫn bạn đến thành công và đầy đủ của tương lai.’’\r\n\r\nThông tin tác giả:\r\n\r\nNapoleon Hill là tác giả dòng sách phát triển bản thân nổi tiếng nhất mọi thời đại, tác giả của những cuốn sách ăn khách như: Think and Grow Rich – 13 nguyên tắc nghĩ giàu, làm giàu; Law of Success; Kế hoạch làm giàu 365 ngày; Làm giàu (Grow Rich! With Peace of Mind)… Nếu cuốn sách Think and Grow Rich – 13 nguyên tắc nghĩ giàu, làm giàu là tấm bản đồ giúp bạn tìm đến thành công thì Chiến thắng Con Quỷ trong bạn sẽ giúp bạn vượt qua những rào cản ngăn bạn đến với thành công.\r\n\r\nMã hàng	8935280909373\r\nTên Nhà Cung Cấp	Thái Hà\r\nTác giả	Napoleon Hill\r\nNXB	NXB Lao Động\r\nNăm XB	2021\r\nTrọng lượng (gr)	300\r\nKích Thước Bao Bì	24 x 16 x 1.5 cm\r\nSố trang	293\r\nHình thức	Bìa Mềm\r\nSản phẩm bán chạy nhất	Top 100 sản phẩm Kỹ năng sống bán chạy của tháng\r\nGiá sản phẩm trên Fahasa.com đã bao gồm thuế theo luật hiện hành. Bên cạnh đó, tuỳ vào loại sản phẩm, hình thức và địa chỉ giao hàng mà có thể phát sinh thêm chi phí khác như Phụ phí đóng gói, phí vận chuyển, phụ phí hàng cồng kềnh,...\r\nChính sách khuyến mãi trên Fahasa.com không áp dụng cho Hệ thống Nhà sách Fahasa trên toàn quốc\r\nCuốn sách là cuộc trò chuyện của Napoleon Hill và Con Quỷ. Sau bao nhiêu năm miệt mài nghiên cứu cuối cùng ông cũng phát hiện ra Con Quỷ, bắt nó phải thú tội và tiết lộ những sự thật kinh hoàng về nơi nó sống, cách nó kiểm soát tâm trí con người và cách để con người chiến thắng được nó. Khi đọc cuốn sách này, có thể bạn sẽ tự hỏi, cuộc trò chuyện này có thật không? Con Quỷ là có thật hay là một sản phẩm của trí tưởng tượng của Napoleon Hill. Nhưng quyền lựa chọn cách hiểu vấn đề là của bạn. Bởi lẽ cuối cùng, thông qua cuộc trò chuyện với Con Quỷ, Napoleon Hill đã cung cấp cho chúng ta chìa khóa để chiến thắng Con Quỷ trong cuộc sống riêng của mỗi người.\r\n\r\nHãy tận hưởng cuốn sách kỳ diệu này và chia sẻ nó với gia đình, bạn bè. Sức mạnh trong ngôn từ của Napoleon Hill có thể và sẽ thay đổi cuộc đời bạn.\r\n\r\nLời khen tặng dành cho CHIẾN THẮNG CON QUỶ TRONG BẠN của Napoleon Hill:\r\n\r\n“Chiến thắng Con Quỷ trong bạn một lần nữa lại chứng minh rằng thông điệp và triết lý của Napoleon Hill sẽ còn sống mãi với thời gian. Cuốn sách này ẩn chứa những nội dung sâu sắc về việc làm thế nào để thoát khỏi những thói quen và thái độ ngáng trở con đường đến với thành công, hạnh phúc và thịnh vượng của bạn. Nếu bạn muốn vượt qua những rào cản do chính bản thân mình tạo ra, hãy đọc cuốn sách này!”', 0, 33),
(74, 'Nhạc Phi Diễn Nghĩa', 211000.00, 'moicapnhat-1.jpg', 'Nhạc Phi diễn nghĩa ra đời vào triều Thanh, tái hiện chân dung Nhạc Phi, người anh hùng dân tộc Trung Quốc, đem đến cái nhìn khách quan về nhân vật lịch sử có thật này. Tác phẩm dựng lại bối cảnh suy vi nhà Nam Tống (1127 - 1279), hết lần này đến lần khác phải đối phó với mưu đồ bành trướng của giặc Kim.', 80, 36),
(75, 'Ký Ức Độc Quyền', 67000.00, 'moicapnhat-2.jpg', 'Trước cái này mình có đọc “Cũng chỉ là hạt bụi” của Mộc Phù Sinh, khá là thích cách viết nhẹ nhàng của tác giả này.\r\n\r\nvề Ký ức độc quyền không có nhiều thứ để nói mình vẫn chưa rõ tại sao Mộc Phù Sinh lại đặt tên sách là “Ký ức độc quyền” phải chăng là do tính cách khá khép kín của Mộ Thừa Hòa thường đem những chuyện trong lòng giấu kín mà đặt như thế.\r\n\r\nViệc khá buồn cười là khi đọc đề “Ký ức độc quyền” mình nghĩ tựa này phù hợp với “Không thể quên em” của Hoa Thanh Thần hơn.\r\n\r\nNói về nữ chính trước vậy, mình không thích Tiết Đồng. Cảm giác việc Tiết Đồng ghét Mộ Thừa Hòa ở đầu truyện và tự cho mình quyền đắp lên những suy nghĩ nhảm nhí về Mộ Thừa Hòa làm mình không có cảm tình với Tiết Đồng. Mộc Phù Sinh phải chăng đang ép Tiết Đồng ghét Thừa Hòa 1 cách gượng gạo? Chỉ vì Thừa Hòa không làm biên bản khi bắt gặp Tiết Đồng quay bài nên cô quy chụp anh là kẻ đạo đức giả hoặc chuyện anh bắt cô thực hành tiếng Nga nhiều thì quy chụp là sách nhiễu. Có vẻ không ổn lắm trong cách suy nghĩ ban đầu của Tiết Đồng.\r\n\r\nNói về Mộ Thừa Hòa vậy, 1 dạng nam chính hoàn mỹ, muốn trí tuệ ta có 1 thiên tài, muốn tính cách có ngay tên sao người vậy – Thừa Hòa – dịu dàng, nhẹ nhàng như nước, tốt với mọi người, nụ cười ấm áp luôn nở trên môi. 1 điểm Mộ Thừa Hòa thu hút mình chính là từ trong tính cách tưởng như ôn hòa, hòa đồng của anh thực ra luôn có 1 chút cô đơn và cách biệt với người xung quanh. Càng đọc truyện về sau mình lại càng thích anh ấy thì ra người đó không phải là chàng công tử không tỳ vết. Cha mẹ bên nhau không hạnh phúc, người cha u uất sinh bệnh tâm thần rồi chứng kiến cha tự sát, trong tâm trạng đó đến 1 đất nước xa lạ tự sống thì việc sa ngã trong khói thuốc phiện là điều khó tránh khỏi. Điều mình thực sự hâm mộ Thừa Hòa chính là tính cách quật cường bên trong mà vẫn điềm đạm bên ngoài, 1 người con trai đủ dũng khí bước qua ám ảnh nghiện ngập vươn lên tìm thấy lý tưởng của trong đời. Cái hấp dẫn của anh ấy có lẽ là chỗ này vậy.\r\n\r\nHình ảnh mình thích nhất truyện cũng chính là khoảng khắc Mộ Thừa Hòa bắt đầu yêu Tiết Đồng: trong 1 đêm trời đổ tuyết đầu mùa, có người con gái tìm trong đám tuyết ven đường kính áp tròng của người con trai, chàng trai che dù chắn tuyết lặng lẽ nhìn cô gái sôi nổi luôn miệng sẽ tìm thấy cái kính bé tẹo đó, để rồi cười hớn hở mà khoe rằng đã tìm được với đôi tay đỏ ửng.\r\n\r\nTruyện đọc được, không đọc cũng không sao. So với nội dung & tình tiết của “Cũng chỉ là hạt bụi” thì không bằng.\r\n\r\nRating: 3.5\r\n\r\nQuote:\r\n\r\nTrong đêm nay, khi nghe những lời nói của Mộ Thừa Hòa, tôi lại cảm thấy, khi 1 người đàn ông kiên trì với 1 niềm tin và suốt đời phấn đấu vì nó, cũng sẽ có 1 sức hút đặc biệt, làm mê hoặc lòng người.\r\nKhi đã trưởng thành, tôi cảm thấy trái tim của rất nhiều người cũng giống như loại bóng đèn cảm ứng âm thanh này, đang chờ đợi 1 âm thanh vừa đủ để có thể phá vỡ giới hạn của nó, và 1 khi đã xuất hiện, nó nhất định sẽ chiếu sáng khắp nơi. Nhưng đến lúc bình minh, dưới ánh mặt trời, nó lại tự ti vì không có cách nào để tỏa sáng. Cũng giống như tôi yêu Mộ Thừa Hòa. Chỉ vì tự ti & nhút nhát mà không dám nói thật cho thầy biết.', 0, 36),
(76, 'Biệt Đội Thám Tử', 70000.00, 'moicapnhat-3.jpg', 'Tôi tin rằng mình khá đặc biệt. Đó là bởi ở nhà, tôi có người mẹ biết làm món cơm rang Việt Nam ngon tuyệt. Còn ở trường, không chỉ là cậu nhóc gốc Á duy nhất, tôi còn nổi tiếng với biệt tài điều tra, đưa ra ánh sáng những vụ án bí hiểm.\r\n\r\nNhưng không chỉ tháo tung bí mật các vụ mất trộm hay mất tích, tôi còn khám phá rất nhiều điều bất ngờ trong cuộc sống xung quanh, từ những đứa bạn, cô giáo, cho đến những nhân vật vừa lạ vừa quen ở cùng khu phố.\r\n\r\nChú nhóc nào cũng ước mơ trở thành cảnh sát hay thám tử. Các bạn có muốn tham gia biệt đội thám tử của tôi không nào?\r\n\r\nTập truyện Biệt đội thám tử lấy bối cảnh là thành phố và trường tiểu học. Nhân vật chính An Le Petit, một chú nhóc người Pháp có mẹ người Việt, rất mê làm thám tử. Cùng với 2 người bạn, An đã điều tra, khám phá thủ phạm những vụ án gây xôn xao ở trường và ở khu phố.\r\n\r\nTác giả QUYÊN GAVOYE tên thật là Phạm Thị Thanh Quyên, sinh năm 1980 tại Thái Bình, Việt Nam. Hiện là chuyên viên Di sản văn hóa, làm việc tại Thư viện Pierre Bayle, thành phố Besançon miền Đông nước Pháp.', 0, 36),
(77, 'Niềm Tin Thắp Sáng', 118000.00, 'moicapnhat-4.jpg', 'Cuốn sách Niềm Tin Thắp Sáng viết về cuộc đời Nguyễn Văn Dụ, một chiến sĩ Cụ Hồ, anh dũng và sống tử tế. Từ những trải nghiệm trong cuộc chiến đấu và cuộc sống lao động xây dựng đất nước, con người tốt đẹp của Nguyễn Văn Dụ đã hình thành. Cuốn sách phản ánh hiện thực của thời kỳ khó khăn và gian khổ, giúp thế hệ sau hiểu được sự đóng góp của thế hệ cha ông trong công cuộc bảo vệ và xây dựng đất nước. Cuốn sách sẽ là một lời tri ân và tư liệu quý cho đời sống tinh thần của người đọc.', 0, 36),
(83, 'Cây - Mùa Đến Mùa Đi', 219000.00, 'songngu-10.jpg', '“Mùa đến mùa đi - Cây” - một cuốn sách thơ tinh tế về sự chuyển mùa qua vòng đời của một cái cây. Sách sẽ đưa các bé đi khám phá khu rừng, chứng kiến sự thay đổi của cây cối và các loài động vật trong suốt một năm đấy. \r\n\r\nThông qua một lỗ hổng trên bìa sách, bác cú sẽ mời các bạn nhỏ vào bên trong khám phá cuộc sống nhộn nhịp của tất cả “cư dân” trong rừng bên gốc cây cổ thụ ấy. Khi lật từng trang sách, các bé sẽ nhìn thấy hàng loạt các loài động vật thoắt ẩn thoắt hiện. Sách nằm trong top 100 cuốn sách hay nhất dành cho trẻ em năm 2016 của Thư viện công cộng New York. ', 0, 1),
(85, 'Dòng Sông', 169000.00, 'songngu-8.jpg', 'Theo chân cô cá nhỏ trong cuộc hành trình vĩ đại để khám vào những điều chưa biết, từ sông cho đến biển rộng. Cuốn sách đục lỗ này là một hành trình tuyệt đẹp, sẽ mang đến một trải nghiệm đọc vô cùng thú vị cho các bé khi được cảm nhận cô cá nhỏ bơi trên từng trang sách đầy màu sắc. ', 0, 1),
(87, 'Nhiệm Vụ Khoa Học Kỳ Bí: Coi Chừng! Quái Vật Bão Đến Rồi!', 124000.00, 'mangakhoahoc-1.png', 'Bộ truyện tranh Nhiệm vụ khoa học kỳ bí gồm 10 cuốn, dẫn các bạn nhỏ vào thế giới khoa học qua các chuyến phiêu lưu với nhiều chủ đề khác nhau.\r\n\r\nMỗi tập là một cuộc phiêu lưu của Corona - một sinh vật bí ẩn từ vũ trụ đến Trái Đất để khám phá. Nhờ có các thiết bị công nghệ cao của vũ trụ, cậu đã cùng các bạn nhỏ Trái Đất phiêu lưu tới các \"thế giới\" thông qua đó biết được nhiều kiến thức khoa học bổ ích và lý thú.\r\n\r\nKhông liệt kê một cách nhàm chán, các kiến thức khoa học thuộc chủ đề chung của bộ sách được lồng ghép trong phần truyện tranh ly kì và gay cấn. Ngoài ra, rải rác khắp các trang và cuối mỗi chương sẽ có phần Ghi nhớ và Hồ sơ nhiệm vụ, giải thích cụ thể hơn về các kiến thức khoa học đã được đề cập trước đó. Qua đó trẻ sẽ tiếp thu các kiến thức khoa học một cách tự nhiên và hào hứng.\r\n\r\nĐặc biệt, mỗi cuốn sách thuộc mỗi chủ đề đều được hiệu đính bởi các cố vấn chuyên môn là các chuyên gia hàng đầu trong từng lĩnh vực, giúp trẻ có những kiến thức chuẩn xác nhất.\r\n\r\nNhiệm vụ khoa học kỳ bí: Đại chiến với virus!\r\n\r\nLeo - cậu bé ngại những việc phức tạp và không thích học. Bài tập hè năm nay Leo cũng chưa làm xong. Để hoàn thành bài “nghiên cứu”, Leo nhận lời Corona tham gia cuộc điều tra về khí quyển Trái Đất trên con Tàu vũ trụ môi trường đa năng.\r\n\r\nTrong chuyến thám hiểm này, nhóm bạn đã bay thật cao lên bầu trời tìm hiểu về khí tượng, thành phần của không khí, tại sao mây lại tạo ra mưa và tuyết... Đi xuyên vào tâm cơn bão, họ bị đe dọa bởi những hiện tượng thời tiết bất thường như bão du kích, lốc xoáy, El nino...\r\n\r\nChuyện gì đang xảy ra trên Trái Đất vậy? Liệu nhóm bạn có thể trở về nhà an toàn và Leo có thể hoàn thành bài tập hè sau chuyến thám hiểm? Các bé hãy cùng theo chân Corona, Leo và Naomi vào chuyến hành trình đấy bất ngờ này nhé!', 0, 13),
(88, 'Bay Tới Tận Cùng Vũ Trụ!', 129000.00, 'mangakhoahoc-2.jpg', 'Bộ truyện tranh Nhiệm vụ khoa học kỳ bí gồm 10 cuốn, dẫn các bạn nhỏ vào thế giới khoa học qua các chuyến phiêu lưu với nhiều chủ đề khác nhau. \r\n\r\nMỗi tập là một cuộc phiêu lưu của Corona - một sinh vật bí ẩn từ vũ trụ đến Trái Đất để khám phá. Nhờ có các thiết bị công nghệ cao của vũ trụ, cậu đã cùng các bạn nhỏ Trái Đất phiêu lưu tới các \"thế giới\" thông qua đó biết được nhiều kiến thức khoa học bổ ích và lý thú.  \r\n\r\nKhông liệt kê một cách nhàm chán, các kiến thức khoa học thuộc chủ đề chung của bộ sách được lồng ghép trong phần truyện tranh ly kì và gay cấn. Ngoài ra, rải rác khắp các trang và cuối mỗi chương sẽ có phần Ghi nhớ và Hồ sơ nhiệm vụ, giải thích cụ thể hơn về các kiến thức khoa học đã được đề cập trước đó. Qua đó trẻ sẽ tiếp thu các kiến thức khoa học một cách tự nhiên và hào hứng. \r\n\r\nĐặc biệt, mỗi cuốn sách thuộc mỗi chủ đề đều được hiệu đính bởi các cố vấn chuyên môn là các chuyên gia hàng đầu trong từng lĩnh vực, giúp trẻ có những kiến thức chuẩn xác nhất. \r\n\r\nNhiệm vụ khoa học kỳ bí: Bay tới tận cùng vũ trụ! \r\n\r\nCó phải các bé muốn trở thành “phi hành gia nhí” được thỏa sức đi đến những hành tinh mới lạ trong vũ trụ bao la huyền bí? Vậy hãy theo chân Corona trong chuyến đi tới thiên hà này nhé! \r\n\r\nHai thiếu niên Seiichi và Julie đang đi lạc, trôi dạt trong vũ trụ rộng lớn thì may mắn được Corona cứu. Khi biết Corona đang thực hiện chuyến du hành đặc biệt, Seiichi, Julie đã cùng người bạn mới hoàn thành nốt nhiệm vụ. Cả ba đã cùng nhau du hành tới nhiều nơi trong vũ trụ, từ Hệ Mặt Trời tới lỗ đên,… và khám phá biết bao bí ẩn trong vũ trụ bao la.  ', 0, 13),
(89, 'Tôi Không Thích Ồn Ào', 95000.00, 'moicapnhat-10.webp', 'NHỮNG THỨ GIÁ TRỊ THÌ KHÔNG ỒN ÀO\r\n\r\nĐại bàng một mình bay lượn trên những tầng mây, lũ gà thì kêu quang quác dưới mặt đất.\r\n\r\nNhững người giản dị và khiêm tốn tạo ra nhiều giá trị xã hội hơn những kẻ ba hoa.\r\n\r\nVậy thì, hãy tự cho bản thân những giây phút lặng yên để:\r\n\r\n- Hít sâu và thở chậm - để cảm nhận sự hiện diện của thực tại, để không lạc lối vì mải chạy theo những điều phù phiếm.\r\n\r\n- Đọc thật chậm và chiêm nghiệm những câu chữ đẹp đẽ - để có tư duy sâu sắc và sự đồng cảm đáng quý hơn khi chỉ đọc qua loa vài dòng status trên mạng.\r\n\r\n- Ôm lấy cơ thể và lắng nghe trái tim mình - để thấu hiểu và yêu thương bản thân nhiều hơn, để không bỏ mặc chính mình vì không biết “tôi là ai”.\r\n\r\nBởi vì:\r\n\r\nYên lặng là cách để chúng ta đi vào những điều sâu thẳm.\r\n\r\nTối giản là cách để chúng ta sống trọn vẹn nhất.\r\n\r\nTừ hôm nay, vẫn với 24 giờ đó, hãy dành thời gian quý giá luyện tập câu thần chú “Tôi không thích ồn ào” - để trở thành một phiên bản an tĩnh hơn, giá trị hơn.', 0, 36),
(90, 'Bếp Không Rác', 123000.00, 'moicapnhat-8.jpg', 'Xã hội của chúng ta phát triển được là nhờ lối sống tái sử dụng và tái chế ngay từ những ngày đầu lập nước và những cuộc chiến tranh thế giới tới một xã hội đề cao sự tiện lợi và chủ nghĩa tiêu dùng trong những năm hậu chiến, và kết quả là rất nhiều rác thải – vỏ lon, vỏ chai, túi nhựa, v.v.. Nhưng nhiều năm nay, xu hướng đã nghiêng về phía có ý thức hơn. Hiện nay, phong trào chính trị và xã hội cổ súy lối sống “không rác” chắc chắn đã sát cánh cùng chúng ta, như đã thấy trên các tạp chí, sách vở và các cuộc tranh luận chính trị – chưa nói đến việc nhiều người đang âm thầm sống theo phương châm đó. Những ngày này, một số người đã tuân thủ rất tốt nguyên tắc sống không rác tới mức một năm họ thải ra không quá một bao rác.\r\nHầu hết chúng ta không nhất thiết phải làm và làm được y như thế. Nhưng chúng ta có thể nhìn lại cuộc sống hằng ngày của mình và tìm xem mình có thể tái chế, tái sử dụng… và thậm chí tái trồng cái gì hay không – tái trồng, chính là chủ đề của cuốn sách này.\r\nMột khi bạn đã bắt đầu, sống theo kiểu ít hoặc không rác gần như có thể trở thành một trò chơi, nhưng trò chơi này đem đến kết quả hữu hình. Càng ngày, người tiêu dùng ở mọi lứa tuổi càng bước sâu vào lối sống không rác vì nhiều lý do và quan điểm cá nhân khác nhau. Một số vì thái độ sống “xanh” và cảm thấy cần thiết phải bảo vệ hành tinh này, trong khi có những người thấy vấn đề tự cung tự cấp là điều cấp bách và muốn có thể sống tốt trong bất cứ tình huống nào.\r\nDù động cơ là gì thì những người muốn sống một đời không rác này đều có rất nhiều cách thực tế để bắt đầu.', 0, 36),
(91, 'Người Thầy Vĩ Đại', 159000.00, 'giamgiadacbiet-6.jpg', '“Tôi đã nếm trải nhiều thất bại trong hành trình đi qua những tháng ngày của mình. Thế nhưng, mỗi chướng ngại cuối cùng đều lại chính là một bàn đạp đưa tôi gần hơn nữa tới chân lý trong tâm khảm và cuộc đời tốt đẹp nhất của mình.\r\n\r\nCho dù tôi có thu thập được bao nhiêu tài sản vật chất đi chăng nữa thì cái thằng người mà tôi nhìn thấy trong tấm gương phòng tắm mỗi buổi sáng vẫn y nguyên – tôi không hề hạnh phúc hơn và không hề cảm thấy tốt hơn tí nào. Suy ngẫm nhiều hơn về thực trạng cuộc sống của mình, tôi bắt đầu nhận thức được sự trống rỗng ngay trong tim mình. Tôi bắt đầu chú ý đến những tiếng thầm thì lặng lẽ của con tim, những điều chỉ dẫn tôi rời bỏ nghề nghiệp mình đã chọn và bắt đầu quá trình tìm kiếm tâm hồn một cách nghiêm túc. Tôi bắt đầu suy nghĩ về lý do tại sao tôi lại ở đây, trên hành tinh này, và nhiệm vụ cụ thể của tôi là gì. Tôi tự hỏi tại sao cuộc đời mình lại không có tác dụng và cần phải thực hiện những thay đổi sâu sắc nào để giúp mình đi đúng hướng. Tôi xem xét những niềm tin cốt lõi, những giả định, và những lăng kính mà mình nhìn ra thế giới, và tôi tự cam kết làm sạch những lăng kính không lành mạnh.”\r\n\r\n“Cuốn sách này là một tác phẩm hư cấu. Đây là câu chuyện về một người đàn ông có tên Jack Valentine mà đường đời có nhiều điểm giống với tôi. Có cảm nhận rất không đầy đủ với tư cách một con người, anh ấy lên kế hoạch tìm kiếm tri thức để sống một cuộc sống hạnh phúc hơn, khoẻ khoắn hơn và đẹp hơn.”', 0, 29),
(92, 'Nghĩ Lớn Thành Công', 145000.00, 'giamgiadacbiet-9.jpg', 'Hai trong số các doanh nhân thành đạt nhất thế giới đã tiết lộ bí quyết suy nghĩ lớn để đạt được những thành công ngoạn mục. Hãy áp dụng quan điểm của Donald để truyền cảm hứng cho chính bạn, nhằm phá vỡ những hạn chế của bản thân. Bạn luôn có hai lựa chọn, hoặc bằng lòng với những suy nghĩ bình thường như bao người khác hoặc có thể suy nghĩ lớn. Đúng như Donald đã nói: “Nếu đã có thể suy nghĩ, hãy nghĩ lớn. Đó là lựa chọn của bạn. Dù bạn ở trong bất cứ hoàn cảnh nào thì không ai có thể ngăn bạn suy nghĩ lớn. Và một khi đã thích suy nghĩ lớn và học được cách hành động để thành công, bạn sẽ có động lực để tiếp tục và những phần thưởng xứng đáng sẽ đến với bạn. Đó chính là bí quyết của Donald Trump về việc suy nghĩ lớn để thành công. Hãy thực hành bí quyết này, và bạn cũng sẽ đạt được thành công cả trong cuộc sống cũng như trong công việc”.', 0, 29);

-- --------------------------------------------------------

--
-- Table structure for table `taikhoan`
--

CREATE TABLE `taikhoan` (
  `id` int(10) NOT NULL,
  `user` varchar(50) NOT NULL,
  `pass` varchar(50) NOT NULL,
  `email` varchar(255) DEFAULT NULL,
  `address` varchar(255) DEFAULT NULL,
  `tel` varchar(20) DEFAULT NULL,
  `role` tinyint(4) NOT NULL DEFAULT 0
) ENGINE=InnoDB DEFAULT CHARSET=utf8mb4 COLLATE=utf8mb4_general_ci;

--
-- Dumping data for table `taikhoan`
--

INSERT INTO `taikhoan` (`id`, `user`, `pass`, `email`, `address`, `tel`, `role`) VALUES
(1, 'NhatTinh', '123456', 'nhattinh976@gmail.com', '30 đồng trí 2 ,phường Hòa Khánh Nam ,quận Liên Chiểu, tp Đà Nẵng', '0946283611', 1),
(3, 'Sơn', '123456', 'votinh675@gmail.com', NULL, NULL, 0),
(4, 'Tứ', '123456', 'PhanTu76@gmail.com', NULL, NULL, 0),
(5, 'tinh', '12345678', 'nhattinh976@gmail.com', NULL, NULL, 0);

--
-- Indexes for dumped tables
--

--
-- Indexes for table `bill`
--
ALTER TABLE `bill`
  ADD PRIMARY KEY (`id`);

--
-- Indexes for table `binhluan`
--
ALTER TABLE `binhluan`
  ADD PRIMARY KEY (`id`);

--
-- Indexes for table `cart`
--
ALTER TABLE `cart`
  ADD PRIMARY KEY (`id`);

--
-- Indexes for table `danhmuc`
--
ALTER TABLE `danhmuc`
  ADD PRIMARY KEY (`id`);

--
-- Indexes for table `sanpham`
--
ALTER TABLE `sanpham`
  ADD PRIMARY KEY (`id`),
  ADD KEY `lk_sanpham_danhmuc` (`iddm`);

--
-- Indexes for table `taikhoan`
--
ALTER TABLE `taikhoan`
  ADD PRIMARY KEY (`id`);

--
-- AUTO_INCREMENT for dumped tables
--

--
-- AUTO_INCREMENT for table `bill`
--
ALTER TABLE `bill`
  MODIFY `id` int(10) NOT NULL AUTO_INCREMENT, AUTO_INCREMENT=22;

--
-- AUTO_INCREMENT for table `binhluan`
--
ALTER TABLE `binhluan`
  MODIFY `id` int(10) NOT NULL AUTO_INCREMENT, AUTO_INCREMENT=28;

--
-- AUTO_INCREMENT for table `cart`
--
ALTER TABLE `cart`
  MODIFY `id` int(10) NOT NULL AUTO_INCREMENT, AUTO_INCREMENT=52;

--
-- AUTO_INCREMENT for table `danhmuc`
--
ALTER TABLE `danhmuc`
  MODIFY `id` int(11) NOT NULL AUTO_INCREMENT, AUTO_INCREMENT=38;

--
-- AUTO_INCREMENT for table `sanpham`
--
ALTER TABLE `sanpham`
  MODIFY `id` int(11) NOT NULL AUTO_INCREMENT, AUTO_INCREMENT=93;

--
-- AUTO_INCREMENT for table `taikhoan`
--
ALTER TABLE `taikhoan`
  MODIFY `id` int(10) NOT NULL AUTO_INCREMENT, AUTO_INCREMENT=6;

--
-- Constraints for dumped tables
--

--
-- Constraints for table `sanpham`
--
ALTER TABLE `sanpham`
  ADD CONSTRAINT `lk_sanpham_danhmuc` FOREIGN KEY (`iddm`) REFERENCES `danhmuc` (`id`);
COMMIT;

/*!40101 SET CHARACTER_SET_CLIENT=@OLD_CHARACTER_SET_CLIENT */;
/*!40101 SET CHARACTER_SET_RESULTS=@OLD_CHARACTER_SET_RESULTS */;
/*!40101 SET COLLATION_CONNECTION=@OLD_COLLATION_CONNECTION */;
